Id, Open, Close, High, Low, Volume, Name, Date
0,74.122,72.15,74.2,70.82,41105190,$TSLA,06/29/17-2017
1,72.742,72.322,73.35348,71.92374,29242605,$TSLA,06/30/17-2017
2,74.048,70.524,74.27,70.3,0,$TSLA,07/03/17-2017
3,69.44,65.418,69.448,65.266,85233505,$TSLA,07/05/17-2017
4,63.452,61.766,64.15798,61.26,96622475,$TSLA,07/06/17-2017
5,62.7,62.644,63.4,61.476,70884575,$TSLA,07/07/17-2017
6,62.58,63.21,63.588,60.626,69104445,$TSLA,07/10/17-2017
7,63.2,65.444,65.456,62.86,57797010,$TSLA,07/11/17-2017
8,66.08,65.904,66.62,64.9,51730635,$TSLA,07/12/17-2017
9,66.022,64.682,66.32,63.994,42972330,$TSLA,07/13/17-2017
10,64.638,65.556,65.684,64.244,28126055,$TSLA,07/14/17-2017
11,65.108,63.914,65.42,62.69,49384560,$TSLA,07/17/17-2017
12,63.5,65.648,65.826,63.132,31868600,$TSLA,07/18/17-2017
13,65.646,65.052,66.33,64.64386,31785070,$TSLA,07/19/17-2017
14,65.38,65.984,66.044,64.84,25830940,$TSLA,07/20/17-2017
15,65.892,65.68,66.2515,65.16,24508030,$TSLA,07/21/17-2017
16,66.048,68.504,68.6798,66.002,43185410,$TSLA,07/24/17-2017
17,69.0,67.92,69.12,66.83,34945985,$TSLA,07/25/17-2017
18,68.072,68.77,69.1,67.624,24103950,$TSLA,07/26/17-2017
19,69.2,66.892,69.5,65.258,41512025,$TSLA,07/27/17-2017
20,67.378,67.014,67.92,66.502,24402070,$TSLA,07/28/17-2017
21,67.1,64.694,68.298,64.208,42675680,$TSLA,07/31/17-2017
22,64.6,63.914,64.89,63.226,41515510,$TSLA,08/01/17-2017
23,63.788,65.178,65.424,62.244,65457310,$TSLA,08/02/17-2017
24,69.066,69.418,70.0,68.63,67675165,$TSLA,08/03/17-2017
25,69.4,71.382,71.454,68.66,46344545,$TSLA,08/04/17-2017
26,71.47,71.034,71.896,70.55,31622400,$TSLA,08/07/17-2017
27,71.506,73.044,73.716,71.48,37249185,$TSLA,08/08/17-2017
28,72.2,72.706,74.0,71.79,34460480,$TSLA,08/09/17-2017
29,72.32,71.08,73.33008,70.932,35464290,$TSLA,08/10/17-2017
30,71.394,71.574,72.252,70.724,21828915,$TSLA,08/11/17-2017
31,72.926,72.76,73.532,72.52,22595930,$TSLA,08/14/17-2017
32,73.04,72.466,73.098,71.874,15425440,$TSLA,08/15/17-2017
33,72.6,72.582,73.3,72.504,17068865,$TSLA,08/16/17-2017
34,72.242,70.384,72.66,70.318,25138300,$TSLA,08/17/17-2017
35,70.582,69.492,70.8,69.16,27040915,$TSLA,08/18/17-2017
36,69.164,67.572,69.164,66.37,32477120,$TSLA,08/21/17-2017
37,68.226,68.27,68.448,67.4745,21609830,$TSLA,08/22/17-2017
38,67.798,70.554,70.698,67.66082,24772520,$TSLA,08/23/17-2017
39,70.504,70.586,71.332,69.948,22923435,$TSLA,08/24/17-2017
40,70.848,69.61,71.138,69.46,17419780,$TSLA,08/25/17-2017
41,69.456,69.132,69.47,67.944,18819780,$TSLA,08/28/17-2017
42,67.896,69.472,69.81,67.75,20368375,$TSLA,08/29/17-2017
43,69.934,70.636,70.694,69.4,17064715,$TSLA,08/30/17-2017
44,70.71,71.18,71.688,70.564,20363975,$TSLA,08/31/17-2017
45,71.224,71.08,71.518,70.73804,15247730,$TSLA,09/01/17-2017
46,70.76,69.918,71.098,69.178,19241910,$TSLA,09/05/17-2017
47,69.9,68.906,70.1958,68.312,20456755,$TSLA,09/06/17-2017
48,69.196,70.122,70.496,68.69,21196065,$TSLA,09/07/17-2017
49,69.798,68.68,69.956,68.46,16317540,$TSLA,09/08/17-2017
50,70.27,72.738,72.742,70.0,38335275,$TSLA,09/11/17-2017
51,72.898,72.55,73.752,72.08,29864535,$TSLA,09/12/17-2017
52,72.764,73.246,73.614,71.918,20926155,$TSLA,09/13/17-2017
53,72.866,75.528,75.592,72.526,36012620,$TSLA,09/14/17-2017
54,74.902,75.962,76.0,74.54,27102480,$TSLA,09/15/17-2017
55,76.05,77.0,77.922,75.536,35939900,$TSLA,09/18/17-2017
56,76.0,75.02,76.478,74.714,32259430,$TSLA,09/19/17-2017
57,74.6,74.782,75.6498,74.214,24595260,$TSLA,09/20/17-2017
58,74.98,73.296,75.366,72.902,23090950,$TSLA,09/21/17-2017
59,73.298,70.218,73.97998,70.176,40797090,$TSLA,09/22/17-2017
60,70.63,68.998,71.4938,68.576,38029730,$TSLA,09/25/17-2017
61,70.186,69.05,70.248,68.18,35781370,$TSLA,09/26/17-2017
62,69.98,68.194,70.2978,68.1,30301650,$TSLA,09/27/17-2017
63,67.976,67.92,68.55,67.08,26598085,$TSLA,09/28/17-2017
64,68.372,68.22,68.936,67.7202,25535410,$TSLA,09/29/17-2017
65,68.504,68.306,68.74,67.102,26433870,$TSLA,10/02/17-2017
66,67.18,69.628,69.71,66.256,50767980,$TSLA,10/03/17-2017
67,70.25,71.002,71.724,69.92,40817715,$TSLA,10/04/17-2017
68,71.2,71.066,71.487,70.27,20858375,$TSLA,10/05/17-2017
69,70.62,71.376,72.01984,70.45,21487370,$TSLA,10/06/17-2017
70,69.93,68.588,70.35,68.534,37468270,$TSLA,10/09/17-2017
71,69.36,71.118,71.126,69.1061,34892475,$TSLA,10/10/17-2017
72,70.778,70.92,71.52,70.23,22504155,$TSLA,10/11/17-2017
73,70.59,71.136,71.956,70.528,20435240,$TSLA,10/12/17-2017
74,71.396,71.114,71.698,70.736,17702665,$TSLA,10/13/17-2017
75,70.752,70.12,70.896,69.432,26877430,$TSLA,10/16/17-2017
76,70.182,71.15,71.244,70.014,16466725,$TSLA,10/17/17-2017
77,71.194,71.93,72.6,70.826,24695370,$TSLA,10/18/17-2017
78,71.112,70.362,71.4293,69.64,25309215,$TSLA,10/19/17-2017
79,70.538,69.02,70.91,68.868,24651975,$TSLA,10/20/17-2017
80,69.976,67.404,69.99,67.25,28736730,$TSLA,10/23/17-2017
81,67.76,67.468,68.56,67.232,22458360,$TSLA,10/24/17-2017
82,67.34,65.168,67.5,64.712,42970365,$TSLA,10/25/17-2017
83,65.556,65.234,66.046,64.64,25117500,$TSLA,10/26/17-2017
84,63.95,64.174,64.918,63.332,34898520,$TSLA,10/27/17-2017
85,63.836,64.016,64.756,63.45,21271890,$TSLA,10/30/17-2017
86,64.046,66.306,66.39,64.036,28361735,$TSLA,10/31/17-2017
87,66.45,64.216,66.52178,64.052,42286680,$TSLA,11/01/17-2017
88,60.026,59.852,61.738,58.526,98957080,$TSLA,11/02/17-2017
89,59.9,61.218,61.25,59.026,44469870,$TSLA,11/03/17-2017
90,61.4,60.556,61.5,59.802,32430045,$TSLA,11/06/17-2017
91,60.204,61.21,61.3,60.006,26471370,$TSLA,11/07/17-2017
92,61.1,60.878,61.378,60.26002,23626355,$TSLA,11/08/17-2017
93,60.5,60.598,60.892,59.26,27235735,$TSLA,11/09/17-2017
94,60.5,60.598,61.672,60.37,23127145,$TSLA,11/10/17-2017
95,60.026,63.08,63.36,59.822,37924720,$TSLA,11/13/17-2017
96,63.0,61.74,63.27,61.38,28380380,$TSLA,11/14/17-2017
97,61.202,62.26,62.498,60.3,29893325,$TSLA,11/15/17-2017
98,62.798,62.5,63.628,62.26,29110365,$TSLA,11/16/17-2017
99,65.134,63.01,65.334,62.63,68675695,$TSLA,11/17/17-2017
100,62.758,61.748,63.1,60.95,41238250,$TSLA,11/20/17-2017
101,62.172,63.562,63.646,61.742,36306365,$TSLA,11/21/17-2017
102,63.354,62.52,63.484,62.368,24588180,$TSLA,11/22/17-2017
103,62.758,63.11,63.282,62.2,16220325,$TSLA,11/24/17-2017
104,62.65,63.362,63.468,61.902,22779470,$TSLA,11/27/17-2017
105,63.272,63.51,64.0,62.784,24747455,$TSLA,11/28/17-2017
106,63.46,61.508,63.6,60.246,43836990,$TSLA,11/29/17-2017
107,61.712,61.77,62.14,60.908,21757935,$TSLA,11/30/17-2017
108,61.088,61.306,62.064,61.01,21464340,$TSLA,12/01/17-2017
109,61.3,61.04,61.653,60.122,29175700,$TSLA,12/04/17-2017
110,60.4,60.74,61.6,60.2,23232600,$TSLA,12/05/17-2017
111,60.02,62.652,62.678,60.0,35976705,$TSLA,12/06/17-2017
112,62.4,62.248,63.72682,62.21,23902985,$TSLA,12/07/17-2017
113,62.92,63.026,63.396,62.252,17342290,$TSLA,12/08/17-2017
114,62.926,65.782,65.802,62.75,39689905,$TSLA,12/11/17-2017
115,66.09,68.206,68.288,66.006,43665995,$TSLA,12/12/17-2017
116,68.186,67.806,68.844,67.3,31107305,$TSLA,12/13/17-2017
117,68.202,67.578,69.488,67.38,28999580,$TSLA,12/14/17-2017
118,68.408,68.69,68.78,67.152,34665995,$TSLA,12/15/17-2017
119,68.98,67.774,69.346,67.516,27380830,$TSLA,12/18/17-2017
120,68.052,66.22,68.2985,66.06,34124855,$TSLA,12/19/17-2017
121,66.538,65.796,66.62,65.008,29769000,$TSLA,12/20/17-2017
122,65.918,66.332,66.748,65.442,21926110,$TSLA,12/21/17-2017
123,65.902,65.04,66.18428,64.964,21079035,$TSLA,12/22/17-2017
124,64.766,63.458,64.788,63.316,21892065,$TSLA,12/26/17-2017
125,63.2,62.328,63.536,62.15,23560555,$TSLA,12/27/17-2017
126,62.35,63.072,63.164,61.908,21581735,$TSLA,12/28/17-2017
127,63.236,62.27,63.282,62.0,18885775,$TSLA,12/29/17-2017
128,62.4,64.106,64.42198,62.2,21761205,$TSLA,01/02/18-2018
129,64.2,63.45,65.05,63.11,22607635,$TSLA,01/03/18-2018
130,62.574,62.924,63.71,61.136,49731520,$TSLA,01/04/18-2018
131,63.324,63.316,63.448,62.4,22955900,$TSLA,01/05/18-2018
132,63.2,67.282,67.40398,63.1,49297175,$TSLA,01/08/18-2018
133,67.032,66.738,67.76,65.481,35733155,$TSLA,01/09/18-2018
134,66.44,66.96,67.4,66.0,21549630,$TSLA,01/10/18-2018
135,67.048,67.59,68.96198,66.652,33227420,$TSLA,01/11/18-2018
136,67.726,67.244,68.082,66.734,24125295,$TSLA,01/12/18-2018
137,67.508,68.012,69.0,66.96,32371255,$TSLA,01/16/18-2018
138,68.094,69.432,69.8,67.95,35517525,$TSLA,01/17/18-2018
139,69.134,68.914,70.46,68.748,28429225,$TSLA,01/18/18-2018
140,69.0,70.004,70.11798,68.52,24441515,$TSLA,01/19/18-2018
141,69.88,70.312,71.566,69.84,31051800,$TSLA,01/22/18-2018
142,72.0,70.558,72.1,70.2,27327070,$TSLA,01/23/18-2018
143,70.916,69.178,70.95,68.704,26437390,$TSLA,01/24/18-2018
144,69.654,67.528,69.84,67.28,33701515,$TSLA,01/25/18-2018
145,68.3,68.57,68.8,67.142,22696780,$TSLA,01/26/18-2018
146,67.97,69.906,70.17,67.656,23735745,$TSLA,01/29/18-2018
147,69.028,69.164,69.654,68.434,23588500,$TSLA,01/30/18-2018
148,69.502,70.862,71.238,69.038,31070345,$TSLA,01/31/18-2018
149,70.2,69.85,71.932,69.726,20988435,$TSLA,02/01/18-2018
150,69.688,68.75,70.39,68.102,18524180,$TSLA,02/02/18-2018
151,67.594,66.626,68.894,66.6,22320735,$TSLA,02/05/18-2018
152,65.042,66.794,67.244,64.7,25442190,$TSLA,02/06/18-2018
153,67.798,69.0,69.2,67.132,34846195,$TSLA,02/07/18-2018
154,68.662,63.046,69.724,62.92,51572865,$TSLA,02/08/18-2018
155,63.986,62.084,64.1969,58.952,64668605,$TSLA,02/09/18-2018
156,63.226,63.146,63.616,61.25,31139110,$TSLA,02/12/18-2018
157,63.004,64.732,64.838,62.5021,22801155,$TSLA,02/13/18-2018
158,64.168,64.462,65.234,63.704,19753715,$TSLA,02/14/18-2018
159,64.9,66.813,66.824,64.48,29564585,$TSLA,02/15/18-2018
160,66.5,67.098,68.624,66.328,28213185,$TSLA,02/16/18-2018
161,66.894,66.954,68.168,66.3,20047175,$TSLA,02/20/18-2018
162,67.206,66.66,67.93858,66.634,16098245,$TSLA,02/21/18-2018
163,67.106,69.234,69.488,66.95002,34849040,$TSLA,02/22/18-2018
164,69.566,70.41,70.998,69.42,29086935,$TSLA,02/23/18-2018
165,70.7,71.484,71.8,70.471,21699925,$TSLA,02/26/18-2018
166,71.25,70.198,71.998,70.002,23987095,$TSLA,02/27/18-2018
167,70.514,68.612,71.048,68.444,30348290,$TSLA,02/28/18-2018
168,69.002,66.186,69.734,66.014,34428005,$TSLA,03/01/18-2018
169,65.396,67.024,67.044,64.594,25464145,$TSLA,03/02/18-2018
170,66.478,66.67,67.55,65.85858,19118845,$TSLA,03/05/18-2018
171,66.75,65.64,67.274,65.406,21428720,$TSLA,03/06/18-2018
172,65.088,66.46,66.5,64.348,25036485,$TSLA,03/07/18-2018
173,66.572,65.82,66.66,65.2548,17831220,$TSLA,03/08/18-2018
174,64.82,65.434,65.698,64.474,27533820,$TSLA,03/09/18-2018
175,65.722,69.102,69.442,65.3,41320175,$TSLA,03/12/18-2018
176,68.984,68.368,69.024,67.2527,29829025,$TSLA,03/13/18-2018
177,67.352,65.326,67.962,64.786,39836850,$TSLA,03/14/18-2018
178,65.876,65.12,66.57,64.22,32824005,$TSLA,03/15/18-2018
179,65.192,64.27,65.48,63.814,30586395,$TSLA,03/16/18-2018
180,63.3,62.712,64.15,61.934,37421470,$TSLA,03/19/18-2018
181,62.974,62.11,63.25,61.752,23821465,$TSLA,03/20/18-2018
182,62.05,63.306,64.488,62.038,29792055,$TSLA,03/21/18-2018
183,62.778,61.82,63.764,61.636,24698855,$TSLA,03/22/18-2018
184,62.25,60.308,62.322,60.09,33274495,$TSLA,03/23/18-2018
185,61.468,60.836,61.518,58.272,41875875,$TSLA,03/26/18-2018
186,60.8,55.836,60.854,55.436,69360145,$TSLA,03/27/18-2018
187,52.916,51.556,53.736,50.42,105007185,$TSLA,03/28/18-2018
188,51.298,53.226,54.19198,49.642,75853745,$TSLA,03/29/18-2018
189,51.252,50.496,52.06636,48.91802,80569840,$TSLA,04/02/18-2018
190,53.964,53.506,54.67,50.898,94221920,$TSLA,04/03/18-2018
191,50.556,57.388,57.674,50.4,99483730,$TSLA,04/04/18-2018
192,57.868,61.144,61.252,57.64,95605505,$TSLA,04/05/18-2018
193,60.2,59.86,61.856,59.1,67601430,$TSLA,04/06/18-2018
194,60.074,57.932,61.9,57.842,51249025,$TSLA,04/09/18-2018
195,59.794,60.94,61.42,58.736,55121295,$TSLA,04/10/18-2018
196,60.14806,60.186,61.796,59.932,37414725,$TSLA,04/11/18-2018
197,60.464,58.816,60.79,58.736,38043845,$TSLA,04/12/18-2018
198,60.72,60.068,60.78998,59.196,36636115,$TSLA,04/13/18-2018
199,59.8,58.242,59.932,57.802,31692440,$TSLA,04/16/18-2018
200,57.774,57.538,58.434,56.502,35000115,$TSLA,04/17/18-2018
201,58.216,58.67,60.048,57.632,32788500,$TSLA,04/18/18-2018
202,58.216,60.016,60.202,57.71,30452995,$TSLA,04/19/18-2018
203,59.034,58.048,59.996,57.95,28139640,$TSLA,04/20/18-2018
204,58.258,56.674,58.324,56.466,24466890,$TSLA,04/23/18-2018
205,57.0,56.692,57.418,55.692,28426540,$TSLA,04/24/18-2018
206,56.7,56.138,57.032,55.45,20067870,$TSLA,04/25/18-2018
207,55.75,57.096,57.158,55.3,21780065,$TSLA,04/26/18-2018
208,57.074,58.815,58.894,56.766,21823130,$TSLA,04/27/18-2018
209,58.722,58.78,59.746,58.5,21140860,$TSLA,04/30/18-2018
210,58.702,59.984,60.164,58.644,23128015,$TSLA,05/01/18-2018
211,59.714,60.23,61.37,59.55688,44851850,$TSLA,05/02/18-2018
212,55.758,56.89,57.608,55.046,86760650,$TSLA,05/03/18-2018
213,56.6,58.818,59.372,55.904,42846770,$TSLA,05/04/18-2018
214,59.5,60.554,61.19176,59.034,43391120,$TSLA,05/07/18-2018
215,60.15906,60.394,61.55,59.8,29650000,$TSLA,05/08/18-2018
216,60.082,61.37,61.402,60.01,28636825,$TSLA,05/09/18-2018
217,61.49994,61.004,62.598,60.82238,28257805,$TSLA,05/10/18-2018
218,61.54,60.212,61.776,59.816,23398245,$TSLA,05/11/18-2018
219,60.664,58.394,60.988,58.324,36434020,$TSLA,05/14/18-2018
220,57.002,56.836,57.392,56.1,47595865,$TSLA,05/15/18-2018
221,56.766,57.296,57.762,56.312,28370095,$TSLA,05/16/18-2018
222,57.18,56.908,57.83746,56.794,22103060,$TSLA,05/17/18-2018
223,56.93,55.364,56.93,54.8,36259435,$TSLA,05/18/18-2018
224,56.266,56.898,58.298,56.26,45912855,$TSLA,05/21/18-2018
225,57.5524,55.002,57.6,54.6844,44728780,$TSLA,05/22/18-2018
226,55.552,55.814,55.98198,54.8,29925265,$TSLA,05/23/18-2018
227,55.68,55.57,56.222,54.978,20883540,$TSLA,05/24/18-2018
228,55.52504,55.77,55.928,55.122,19375410,$TSLA,05/25/18-2018
229,55.702,56.752,57.3,55.23,28333200,$TSLA,05/29/18-2018
230,56.658,58.344,59.001,56.32,37448430,$TSLA,05/30/18-2018
231,57.442,56.946,58.074,56.586,29598605,$TSLA,05/31/18-2018
232,57.172,58.364,58.39,56.7678,27121930,$TSLA,06/01/18-2018
233,58.868,59.348,59.8,58.7096,23989050,$TSLA,06/04/18-2018
234,59.54,58.226,59.56,57.348,29975785,$TSLA,06/05/18-2018
235,60.1,63.9,64.434,59.496,93836345,$TSLA,06/06/18-2018
236,63.23,63.218,66.0,62.716,71726355,$TSLA,06/07/18-2018
237,63.8,63.532,64.896,63.43,41026010,$TSLA,06/08/18-2018
238,64.502,66.42,66.932,64.5,65917365,$TSLA,06/11/18-2018
239,68.94,68.554,70.994,67.6,111737015,$TSLA,06/12/18-2018
240,69.3412,68.956,69.44,67.96,47349020,$TSLA,06/13/18-2018
241,69.526,71.544,71.75,69.32,54905115,$TSLA,06/14/18-2018
242,70.768,71.634,72.934,70.25,54241270,$TSLA,06/15/18-2018
243,71.08,74.166,74.746,70.9,60366130,$TSLA,06/18/18-2018
244,73.032,70.51,74.0,69.25,63809515,$TSLA,06/19/18-2018
245,71.608,72.444,72.876,70.4,41918280,$TSLA,06/20/18-2018
246,72.4,69.502,73.24278,69.254,39835725,$TSLA,06/21/18-2018
247,70.308,66.726,70.45,66.4,51330295,$TSLA,06/22/18-2018
248,66.024,66.602,67.694,65.5,34656520,$TSLA,06/25/18-2018
249,67.2108,68.4,68.71,65.1598,37262435,$TSLA,06/26/18-2018
250,69.0,68.9,70.158,67.9,41668635,$TSLA,06/27/18-2018
251,69.732,69.986,71.404,69.222,41990025,$TSLA,06/28/18-2018
252,70.666,68.59,70.772,68.482,32461980,$TSLA,06/29/18-2018
253,72.014,67.014,72.956,65.97,93798825,$TSLA,07/02/18-2018
254,66.35,62.172,66.498,61.938,61413190,$TSLA,07/03/18-2018
255,62.752,61.832,62.878,59.244,87381870,$TSLA,07/05/18-2018
256,60.9909,61.78,62.414,60.4,44327255,$TSLA,07/06/18-2018
257,62.398,63.702,63.704,61.6,37983765,$TSLA,07/09/18-2018
258,64.912,64.494,65.53542,63.84,47357490,$TSLA,07/10/18-2018
259,63.16,63.792,64.388,63.014,24420380,$TSLA,07/11/18-2018
260,64.286,63.342,64.646,62.554,28605830,$TSLA,07/12/18-2018
261,63.116,63.774,63.91698,61.85,29378850,$TSLA,07/13/18-2018
262,62.342,62.02,63.032,61.25,39093275,$TSLA,07/16/18-2018
263,61.762,64.538,64.948,61.7,34981160,$TSLA,07/17/18-2018
264,65.0,64.77,65.1,63.25,28121055,$TSLA,07/18/18-2018
265,63.266,64.046,64.708,62.802,29576725,$TSLA,07/19/18-2018
266,64.246,62.716,64.648,62.34186,25832735,$TSLA,07/20/18-2018
267,60.368,60.64,61.1,58.57202,54964735,$TSLA,07/23/18-2018
268,60.88418,59.486,61.54342,58.50904,47953920,$TSLA,07/24/18-2018
269,59.348,61.748,61.924,58.9005,35470900,$TSLA,07/25/18-2018
270,60.97,61.33,62.14,60.72822,23152610,$TSLA,07/26/18-2018
271,61.45,59.436,61.53866,59.06808,28516630,$TSLA,07/27/18-2018
272,59.18,58.034,59.22,57.226,34070360,$TSLA,07/30/18-2018
273,58.45,59.628,59.664,57.814,25384580,$TSLA,07/31/18-2018
274,59.598,60.168,60.6,58.6,50647150,$TSLA,08/01/18-2018
275,65.688,69.908,69.998,64.632,116074810,$TSLA,08/02/18-2018
276,69.562,69.634,71.0,68.506,68282430,$TSLA,08/03/18-2018
277,69.092,68.398,70.996,68.364,42821655,$TSLA,08/06/18-2018
278,68.768,75.914,77.492,67.83002,154378840,$TSLA,08/07/18-2018
279,73.818,74.068,76.528,73.424,122855815,$TSLA,08/08/18-2018
280,73.11,70.49,73.402,69.146,85919055,$TSLA,08/09/18-2018
281,70.8,71.098,72.0,69.2,57760220,$TSLA,08/10/18-2018
282,72.226,71.282,72.638,69.804,52319405,$TSLA,08/13/18-2018
283,71.69,69.528,71.8399,69.42,34932135,$TSLA,08/14/18-2018
284,68.38118,67.738,68.898,66.428,45506290,$TSLA,08/15/18-2018
285,67.982,67.09,68.456,66.764,30320165,$TSLA,08/16/18-2018
286,64.7,61.1,65.354,60.706,94793060,$TSLA,08/17/18-2018
287,58.3407,61.688,61.7,57.64,87011675,$TSLA,08/20/18-2018
288,62.122,64.38,64.958,61.8,65861150,$TSLA,08/21/18-2018
289,64.174,64.328,64.776,62.934,29729775,$TSLA,08/22/18-2018
290,63.828,64.02,65.464,63.62,25736430,$TSLA,08/23/18-2018
291,64.14,64.564,64.77,63.88,18012820,$TSLA,08/24/18-2018
292,63.6,63.854,64.487,61.762,65396440,$TSLA,08/27/18-2018
293,63.682,62.372,63.776,62.238,38245455,$TSLA,08/28/18-2018
294,62.054,61.002,62.37,60.738,37236960,$TSLA,08/29/18-2018
295,60.452,60.63,60.92,59.544,36083530,$TSLA,08/30/18-2018
296,60.4,60.332,61.06164,59.72,26875520,$TSLA,08/31/18-2018
297,59.388,57.79,59.638,57.6,41752345,$TSLA,09/04/18-2018
298,57.01,56.148,57.356,55.436,38604105,$TSLA,09/05/18-2018
299,56.96,56.19,58.234,55.776,37403800,$TSLA,09/06/18-2018
300,52.02,52.648,53.67,50.45096,112459655,$TSLA,09/07/18-2018
301,54.652,57.1,57.206,54.2,71417640,$TSLA,09/10/18-2018
302,55.894,55.888,56.4,54.71,45849945,$TSLA,09/11/18-2018
303,56.288,58.108,58.5,55.72926,50077135,$TSLA,09/12/18-2018
304,57.604,57.892,59.0,57.036,31701680,$TSLA,09/13/18-2018
305,57.752,59.04,59.46512,57.304,33828060,$TSLA,09/14/18-2018
306,58.008,58.968,60.174,57.626,34437885,$TSLA,09/17/18-2018
307,59.338,56.992,60.528,55.1,82737610,$TSLA,09/18/18-2018
308,56.102,59.804,60.0,56.1,41474585,$TSLA,09/19/18-2018
309,60.712,59.666,61.196,58.666,36747110,$TSLA,09/20/18-2018
310,59.54,59.82,60.116,59.074,25252390,$TSLA,09/21/18-2018
311,59.696,59.936,60.59986,58.716,24214805,$TSLA,09/24/18-2018
312,60.0,60.198,60.92,59.3,22408645,$TSLA,09/25/18-2018
313,60.382,61.916,62.778,60.22186,39216080,$TSLA,09/26/18-2018
314,62.58,61.504,62.992,61.382,42545420,$TSLA,09/27/18-2018
315,54.052,52.954,55.6,52.111,168248470,$TSLA,09/28/18-2018
316,61.154,62.14,62.288,60.21,108887985,$TSLA,10/01/18-2018
317,62.79,60.204,63.368,59.83,58717555,$TSLA,10/02/18-2018
318,60.666,58.96,60.92,58.314,39974940,$TSLA,10/03/18-2018
319,58.79,56.366,58.8,55.534,49071060,$TSLA,10/04/18-2018
320,54.93,52.39,54.976,52.0,89722685,$TSLA,10/05/18-2018
321,52.904,50.112,53.55198,49.8,67363265,$TSLA,10/08/18-2018
322,51.05,52.56,53.354,50.66,60302870,$TSLA,10/09/18-2018
323,52.922,51.376,53.102,49.554,64076390,$TSLA,10/10/18-2018
324,51.506,50.446,52.45,49.806,40838690,$TSLA,10/11/18-2018
325,52.2,51.756,52.398,50.402,36007020,$TSLA,10/12/18-2018
326,51.812,51.918,52.656,50.90734,30999825,$TSLA,10/15/18-2018
327,53.14,55.318,55.475,52.448,47632005,$TSLA,10/16/18-2018
328,56.48,54.356,56.54,53.16064,43277710,$TSLA,10/17/18-2018
329,53.858,52.782,54.2,52.6,27105920,$TSLA,10/18/18-2018
330,53.478,52.0,53.932,50.7,46877745,$TSLA,10/19/18-2018
331,52.136,52.19,52.372,50.518,28001300,$TSLA,10/22/18-2018
332,52.774,58.828,59.586,52.42,95138765,$TSLA,10/23/18-2018
333,60.21,57.7,60.888,57.146,100291290,$TSLA,10/24/18-2018
334,63.444,62.972,64.2,60.202,104203620,$TSLA,10/25/18-2018
335,61.65,66.18,67.98,61.33,137127600,$TSLA,10/26/18-2018
336,67.494,66.97,69.432,65.3,72430135,$TSLA,10/29/18-2018
337,65.678,65.98,67.57998,64.452,45633520,$TSLA,10/30/18-2018
338,66.508,67.464,68.4,65.82,38121740,$TSLA,10/31/18-2018
339,67.652,68.856,69.568,66.945,40000660,$TSLA,11/01/18-2018
340,68.748,69.282,69.84,68.182,39030820,$TSLA,11/02/18-2018
341,68.1,68.28,68.791,66.028,39155240,$TSLA,11/05/18-2018
342,67.814,68.212,69.76,67.218,33814445,$TSLA,11/06/18-2018
343,68.668,69.632,70.236,68.16,36872610,$TSLA,11/07/18-2018
344,69.7,70.28,71.5151,69.688,35453370,$TSLA,11/08/18-2018
345,69.8,70.102,70.8,69.046,25494230,$TSLA,11/09/18-2018
346,69.674,66.256,69.956,66.068,34707615,$TSLA,11/12/18-2018
347,66.632,67.746,68.94,66.44,27242985,$TSLA,11/13/18-2018
348,68.54,68.8,69.422,67.43,25201435,$TSLA,11/14/18-2018
349,68.466,69.688,69.716,67.808,23128595,$TSLA,11/15/18-2018
350,69.038,70.862,71.14,69.02402,36030955,$TSLA,11/16/18-2018
351,71.268,70.694,73.35,70.576,48544355,$TSLA,11/19/18-2018
352,68.35,69.498,69.96,66.71,40023545,$TSLA,11/20/18-2018
353,70.4,67.638,70.62,67.4799,23434040,$TSLA,11/21/18-2018
354,66.869,65.166,67.5,65.11,21013210,$TSLA,11/23/18-2018
355,65.0,69.2,69.244,65.0,39960705,$TSLA,11/26/18-2018
356,68.01,68.784,69.392,67.1,31791500,$TSLA,11/27/18-2018
357,69.198,69.574,69.656,68.442,20637890,$TSLA,11/28/18-2018
358,69.4,68.234,69.5,67.91,15403620,$TSLA,11/29/18-2018
359,68.366,70.096,70.32,67.65296,28144475,$TSLA,11/30/18-2018
360,72.0,71.698,73.2,70.4,41532555,$TSLA,12/03/18-2018
361,71.21,71.94,73.736,70.4,42309725,$TSLA,12/04/18-2018
362,71.202,72.612,73.476,70.152,39212540,$TSLA,12/06/18-2018
363,73.8,71.593,75.898,71.53,57555885,$TSLA,12/07/18-2018
364,72.0,73.03,73.196,70.624,33067275,$TSLA,12/10/18-2018
365,73.982,73.352,74.43378,72.046,31543845,$TSLA,12/11/18-2018
366,73.884,73.32,74.382,73.032,25135240,$TSLA,12/12/18-2018
367,74.03,75.358,75.488,73.35,36829270,$TSLA,12/13/18-2018
368,75.0,73.142,75.574,72.866,31687775,$TSLA,12/14/18-2018
369,72.4,69.684,73.14,68.776,38370040,$TSLA,12/17/18-2018
370,70.108,67.406,70.31,66.738,35499995,$TSLA,12/18/18-2018
371,67.52,66.594,69.402,65.948,41370905,$TSLA,12/19/18-2018
372,65.4107,63.076,66.058,62.3738,45359290,$TSLA,12/20/18-2018
373,63.48,63.954,64.694,62.488,40084005,$TSLA,12/21/18-2018
374,62.7,59.078,62.9,59.039,27799565,$TSLA,12/24/18-2018
375,60.0,65.218,65.394,58.818,40815690,$TSLA,12/26/18-2018
376,63.968,63.226,64.43434,60.3,42875665,$TSLA,12/27/18-2018
377,64.62,66.774,67.248,63.682,49694960,$TSLA,12/28/18-2018
378,67.558,66.56,67.842,65.052,31511690,$TSLA,12/31/18-2018
379,61.22,62.024,63.026,59.76,58293240,$TSLA,01/02/19-2019
380,61.4,60.072,61.88,59.476,34825920,$TSLA,01/03/19-2019
381,61.2,63.538,63.6,60.546,36970580,$TSLA,01/04/19-2019
382,64.344,66.992,67.348,63.55016,37756125,$TSLA,01/07/19-2019
383,68.392,67.07,68.802,65.404,35042580,$TSLA,01/08/19-2019
384,67.1,67.706,68.7005,66.294,27164725,$TSLA,01/09/19-2019
385,66.88,68.994,69.078,66.358,30281770,$TSLA,01/10/19-2019
386,68.418,69.452,69.682,67.754,25195260,$TSLA,01/11/19-2019
387,68.476,66.88,68.5,66.8,26236420,$TSLA,01/14/19-2019
388,67.0,68.886,69.76,66.9,30282950,$TSLA,01/15/19-2019
389,68.956,69.21,70.4,68.7,23458695,$TSLA,01/16/19-2019
390,69.242,69.462,70.3,68.83,18383665,$TSLA,01/17/19-2019
391,64.6,60.452,65.42594,59.94602,120753815,$TSLA,01/18/19-2019
392,60.964,59.784,61.6,59.1,60333705,$TSLA,01/22/19-2019
393,58.5,57.518,58.9,56.338,62649965,$TSLA,01/23/19-2019
394,56.606,58.302,58.736,55.85662,40060775,$TSLA,01/24/19-2019
395,58.878,59.408,59.7039,57.91,36290390,$TSLA,01/25/19-2019
396,58.582,59.276,59.492,57.55,32116395,$TSLA,01/28/19-2019
397,59.054,59.492,59.71132,58.36,23108460,$TSLA,01/29/19-2019
398,60.09,61.754,61.8,59.698,56251590,$TSLA,01/30/19-2019
399,60.2,61.404,62.31272,58.8,62846225,$TSLA,01/31/19-2019
400,61.084,62.442,63.22,60.7,36417205,$TSLA,02/01/19-2019
401,62.596,62.578,63.06,60.376,36760410,$TSLA,02/04/19-2019
402,62.498,64.27,64.488,62.44988,33713825,$TSLA,02/05/19-2019
403,63.918,63.444,64.848,63.1248,25192730,$TSLA,02/06/19-2019
404,62.66,61.502,62.94,60.6,32603055,$TSLA,02/07/19-2019
405,61.366,61.16,61.489,59.7,29221060,$TSLA,02/08/19-2019
406,62.32,62.568,63.72,62.1,35648565,$TSLA,02/11/19-2019
407,63.24,62.362,63.638,61.924,27587850,$TSLA,02/12/19-2019
408,62.47,61.634,62.55,61.114,25708085,$TSLA,02/13/19-2019
409,60.676,60.754,61.354,60.2,26004160,$TSLA,02/14/19-2019
410,60.9,61.576,61.6,60.78,19524735,$TSLA,02/15/19-2019
411,61.312,61.128,62.30884,61.094,20842215,$TSLA,02/19/19-2019
412,60.882,60.512,61.26,59.8,35710585,$TSLA,02/20/19-2019
413,60.362,58.246,60.64798,58.1,44545910,$TSLA,02/21/19-2019
414,58.898,58.942,59.3,58.42,28702790,$TSLA,02/22/19-2019
415,59.582,59.754,60.58088,59.4001,33132610,$TSLA,02/25/19-2019
416,58.444,59.572,60.402,57.75402,42912675,$TSLA,02/26/19-2019
417,60.356,62.948,63.259,60.11,55919540,$TSLA,02/27/19-2019
418,63.784,63.976,64.0,62.162,52603265,$TSLA,02/28/19-2019
419,61.388,58.958,61.426,58.38,114556875,$TSLA,03/01/19-2019
420,59.624,57.072,59.8,56.556,85484090,$TSLA,03/04/19-2019
421,56.4,55.308,56.8,54.02,93823700,$TSLA,03/05/19-2019
422,55.296,55.248,56.30116,54.878,51677425,$TSLA,03/06/19-2019
423,55.768,55.318,56.94,54.85,47212415,$TSLA,03/07/19-2019
424,55.382,56.828,57.118,55.178,44098125,$TSLA,03/08/19-2019
425,56.704,58.184,58.256,56.1,36961390,$TSLA,03/11/19-2019
426,57.298,56.672,57.614,56.212,37520685,$TSLA,03/12/19-2019
427,56.78,57.792,58.398,56.54,34223595,$TSLA,03/13/19-2019
428,58.49,57.992,59.078,57.658,35517235,$TSLA,03/14/19-2019
429,56.702,55.086,56.74488,54.88,73927655,$TSLA,03/15/19-2019
430,55.2,53.898,55.61,53.46,51404900,$TSLA,03/18/19-2019
431,53.5,53.494,54.66,52.692,59003150,$TSLA,03/19/19-2019
432,53.938,54.72,54.994,53.26,34541120,$TSLA,03/20/19-2019
433,54.52,54.804,55.29,53.69,29735490,$TSLA,03/21/19-2019
434,54.516,52.906,54.56,52.8,43703870,$TSLA,03/22/19-2019
435,51.942,52.084,52.636,50.892,51075145,$TSLA,03/25/19-2019
436,52.888,53.554,54.052,52.886,36754740,$TSLA,03/26/19-2019
437,53.75,54.966,55.074,53.63676,43895830,$TSLA,03/27/19-2019
438,55.432,55.724,56.066,55.02,33870465,$TSLA,03/28/19-2019
439,55.74,55.972,56.032,54.9,29956690,$TSLA,03/29/19-2019
440,56.524,57.836,57.84,56.2562,40552195,$TSLA,04/01/19-2019
441,57.66,57.176,57.888,56.776,27394700,$TSLA,04/02/19-2019
442,57.464,58.362,59.234,57.434,39649320,$TSLA,04/03/19-2019
443,52.378,53.556,54.24,52.118,118603645,$TSLA,04/04/19-2019
444,53.972,54.992,55.22,53.222,65191285,$TSLA,04/05/19-2019
445,55.538,54.64,56.232,54.088,52052180,$TSLA,04/08/19-2019
446,54.33,54.462,55.0,53.922,29520155,$TSLA,04/09/19-2019
447,55.348,55.212,55.676,54.5785,35306570,$TSLA,04/10/19-2019
448,53.66,53.684,54.1,53.12,49179635,$TSLA,04/11/19-2019
449,54.044,53.54,54.39,53.366,33729870,$TSLA,04/12/19-2019
450,53.726,53.276,53.776,51.726,50192895,$TSLA,04/15/19-2019
451,53.15,54.672,55.0,52.944,36364650,$TSLA,04/16/19-2019
452,54.95,54.246,54.958,53.707,25632340,$TSLA,04/17/19-2019
453,54.246,54.652,54.968,53.95,29381625,$TSLA,04/18/19-2019
454,53.8,52.55,53.936,52.496,60735705,$TSLA,04/22/19-2019
455,52.03,52.78,53.12,51.15,54719295,$TSLA,04/23/19-2019
456,52.77,51.732,53.064,51.6,53637270,$TSLA,04/24/19-2019
457,51.0,49.526,51.8,49.214,109246965,$TSLA,04/25/19-2019
458,49.3,47.028,49.336,46.226,111803545,$TSLA,04/26/19-2019
459,47.172,48.294,48.796,46.434,83572380,$TSLA,04/29/19-2019
460,48.412,47.738,48.842,47.4,47323140,$TSLA,04/30/19-2019
461,47.77,46.802,48.0,46.3,53521770,$TSLA,05/01/19-2019
462,49.104,48.82,49.426,47.544,90796695,$TSLA,05/02/19-2019
463,48.772,51.006,51.322,48.698,118533855,$TSLA,05/03/19-2019
464,50.004,51.068,51.66998,49.7,54169715,$TSLA,05/06/19-2019
465,51.36,49.412,51.442,49.02,50657040,$TSLA,05/07/19-2019
466,49.388,48.968,50.1198,48.84,30882200,$TSLA,05/08/19-2019
467,48.4,48.396,48.736,47.38868,33556910,$TSLA,05/09/19-2019
468,47.95,47.904,48.398,47.204,35041680,$TSLA,05/10/19-2019
469,46.402,45.402,46.494,44.9,54173980,$TSLA,05/13/19-2019
470,45.86,46.462,46.9,45.6,36262060,$TSLA,05/14/19-2019
471,45.864,46.39,46.488,45.05,36479880,$TSLA,05/15/19-2019
472,45.898,45.666,46.2,45.3,37416365,$TSLA,05/16/19-2019
473,44.392,42.206,44.448,41.784,88933330,$TSLA,05/17/19-2019
474,40.56,41.072,41.2,39.05,102630975,$TSLA,05/20/19-2019
475,39.552,41.016,41.48,39.208,90019495,$TSLA,05/21/19-2019
476,39.82,38.546,40.788,38.356,93425935,$TSLA,05/22/19-2019
477,38.868,39.098,39.893,37.244,132735710,$TSLA,05/23/19-2019
478,39.966,38.126,39.996,37.7501,70682860,$TSLA,05/24/19-2019
479,38.24,37.74,39.0,37.57,51564505,$TSLA,05/28/19-2019
480,37.42,37.972,38.478,37.00802,59843190,$TSLA,05/29/19-2019
481,37.75,37.644,38.451,37.404,39632375,$TSLA,05/30/19-2019
482,37.02,37.032,37.98408,36.82,52033660,$TSLA,05/31/19-2019
483,37.102,35.794,37.336,35.39838,65322050,$TSLA,06/03/19-2019
484,36.22,38.72,38.796,35.922,69037610,$TSLA,06/04/19-2019
485,39.736,39.318,40.25564,38.36972,67553780,$TSLA,06/05/19-2019
486,40.888,41.19,42.2,40.36,101210755,$TSLA,06/06/19-2019
487,41.0,40.9,42.16876,40.6998,80017635,$TSLA,06/07/19-2019
488,42.05,42.576,43.388,41.802,52925195,$TSLA,06/10/19-2019
489,43.8287,43.42,44.18,42.7,58267685,$TSLA,06/11/19-2019
490,44.59,41.852,44.676,41.8,75987720,$TSLA,06/12/19-2019
491,42.076,42.782,42.98,41.50206,40841300,$TSLA,06/13/19-2019
492,42.25,42.984,43.33,42.08,37167010,$TSLA,06/14/19-2019
493,43.096,45.006,45.4,42.854,61584015,$TSLA,06/17/19-2019
494,45.744,44.948,46.948,44.512,63578940,$TSLA,06/18/19-2019
495,45.022,45.286,45.554,44.212,32875675,$TSLA,06/19/19-2019
496,44.6,43.924,45.38,43.27,59317310,$TSLA,06/20/19-2019
497,43.244,44.372,44.436,43.1,41010390,$TSLA,06/21/19-2019
498,44.648,44.728,45.172,44.204,28753855,$TSLA,06/24/19-2019
499,44.878,43.952,45.068,43.898,30910355,$TSLA,06/25/19-2019
500,44.062,43.854,45.446,43.62,42536040,$TSLA,06/26/19-2019
501,43.89,44.568,44.58,43.47,31698550,$TSLA,06/27/19-2019
502,44.198,44.692,45.034,44.16,34256920,$TSLA,06/28/19-2019
503,46.042,45.434,46.6199,45.256,41189820,$TSLA,07/01/19-2019
504,45.778,44.91,45.83,44.444,46295135,$TSLA,07/02/19-2019
505,47.878,46.98,48.314,46.902,71005740,$TSLA,07/03/19-2019
506,46.914,46.62,47.09,46.16,35328690,$TSLA,07/05/19-2019
507,46.248,46.068,46.45,45.732,29402710,$TSLA,07/08/19-2019
508,45.794,46.012,46.2,45.456,30954175,$TSLA,07/09/19-2019
509,46.83,47.784,47.788,46.628,45728680,$TSLA,07/10/19-2019
510,47.628,47.72,48.3,47.16,37572150,$TSLA,07/11/19-2019
511,47.95,49.016,49.076,47.942,46002605,$TSLA,07/12/19-2019
512,49.6,50.7,50.884,48.972,55000460,$TSLA,07/15/19-2019
513,49.86,50.476,50.706,49.5865,40744945,$TSLA,07/16/19-2019
514,51.134,50.972,51.662,50.67,48823635,$TSLA,07/17/19-2019
515,51.01,50.708,51.15,50.377,23822415,$TSLA,07/18/19-2019
516,51.138,51.636,51.992,50.924,35242050,$TSLA,07/19/19-2019
517,51.75,51.136,52.431,50.83822,34231365,$TSLA,07/22/19-2019
518,51.342,52.034,52.096,50.9,25115605,$TSLA,07/23/19-2019
519,51.834,52.976,53.214,51.63202,55364175,$TSLA,07/24/19-2019
520,46.7,45.764,46.9,45.11002,112091260,$TSLA,07/25/19-2019
521,45.384,45.608,46.052,44.45,50138485,$TSLA,07/26/19-2019
522,45.418,47.154,47.188,45.2065,46366655,$TSLA,07/29/19-2019
523,46.58,48.452,48.672,46.436,40545070,$TSLA,07/30/19-2019
524,48.6,48.322,49.336,47.33002,45891040,$TSLA,07/31/19-2019
525,48.53,46.77,48.902,46.354,41297580,$TSLA,08/01/19-2019
526,46.27,46.868,47.254,45.846,30682405,$TSLA,08/02/19-2019
527,45.92,45.664,46.27346,45.155,35141395,$TSLA,08/05/19-2019
528,46.376,46.15,46.5,45.15,27821000,$TSLA,08/06/19-2019
529,45.3,46.684,46.71376,45.16,23882500,$TSLA,08/07/19-2019
530,46.89,47.66,47.96,46.53,26371745,$TSLA,08/08/19-2019
531,47.2107,47.002,47.792,46.762,19491220,$TSLA,08/09/19-2019
532,46.598,45.802,47.154,45.75,23319685,$TSLA,08/12/19-2019
533,45.762,47.0,47.2,45.51,24344990,$TSLA,08/13/19-2019
534,46.242,43.924,46.3,43.338,47812955,$TSLA,08/14/19-2019
535,44.172,43.128,44.312,42.31,41159760,$TSLA,08/15/19-2019
536,43.332,43.988,44.448,43.204,26036880,$TSLA,08/16/19-2019
537,44.842,45.366,45.566,44.34,26558740,$TSLA,08/19/19-2019
538,45.524,45.172,45.818,44.908,20852635,$TSLA,08/20/19-2019
539,44.402,44.166,44.644,43.52,38998720,$TSLA,08/21/19-2019
540,44.56,44.43,45.08,43.644,32824820,$TSLA,08/22/19-2019
541,43.994,42.28,44.234,42.2,42798520,$TSLA,08/23/19-2019
542,42.72,43.0,43.004,42.308,25272070,$TSLA,08/26/19-2019
543,43.148,42.816,43.76,42.406,27103635,$TSLA,08/27/19-2019
544,42.738,43.118,43.45,42.462,16193125,$TSLA,08/28/19-2019
545,43.8,44.342,44.68,43.6,25915520,$TSLA,08/29/19-2019
546,45.83,45.122,46.488,44.8426,46638875,$TSLA,08/30/19-2019
547,44.816,45.002,45.79,44.632,26802730,$TSLA,09/03/19-2019
548,45.378,44.136,45.692,43.841,28843480,$TSLA,09/04/19-2019
549,44.5,45.916,45.96,44.17,37016610,$TSLA,09/05/19-2019
550,45.44,45.49,45.928,45.034,20946860,$TSLA,09/06/19-2019
551,46.0,46.358,46.752,45.846,24013345,$TSLA,09/09/19-2019
552,46.16,47.108,47.108,45.788,24418570,$TSLA,09/10/19-2019
553,47.476,49.42,49.63482,47.2,50213885,$TSLA,09/11/19-2019
554,49.54,49.174,50.7,48.88,42906050,$TSLA,09/12/19-2019
555,49.392,49.04,49.69,48.973,26565725,$TSLA,09/13/19-2019
556,49.2,48.562,49.486,48.234,23640480,$TSLA,09/16/19-2019
557,48.494,48.958,49.12,48.074,19734545,$TSLA,09/17/19-2019
558,49.0,48.698,49.6337,48.474,21140515,$TSLA,09/18/19-2019
559,49.2,49.32,49.588,48.968,24415675,$TSLA,09/19/19-2019
560,49.298,48.124,49.3892,47.632,32531320,$TSLA,09/20/19-2019
561,48.0,48.246,49.03588,47.844,21958150,$TSLA,09/23/19-2019
562,48.304,44.642,48.398,44.522,64705560,$TSLA,09/24/19-2019
563,44.912,45.74,45.796,43.672,47221430,$TSLA,09/25/19-2019
564,46.132,48.512,48.662,45.48,60393925,$TSLA,09/26/19-2019
565,48.44,48.426,49.742,47.746,55615895,$TSLA,09/27/19-2019
566,48.6,48.174,48.796,47.22222,29730805,$TSLA,09/30/19-2019
567,48.3,48.938,49.19,47.826,30981450,$TSLA,10/01/19-2019
568,48.658,48.626,48.93,47.886,31282740,$TSLA,10/02/19-2019
569,46.372,46.606,46.896,44.856,75688815,$TSLA,10/03/19-2019
570,46.322,46.286,46.956,45.614,40105900,$TSLA,10/04/19-2019
571,45.96,47.544,47.712,45.71,40434785,$TSLA,10/07/19-2019
572,47.174,48.01,48.788,46.9,43511690,$TSLA,10/08/19-2019
573,48.264,48.906,49.459,48.13,34675165,$TSLA,10/09/19-2019
574,49.056,48.948,49.856,48.316,31567085,$TSLA,10/10/19-2019
575,49.43,49.578,50.216,49.362,42440795,$TSLA,10/11/19-2019
576,49.58,51.392,51.71,49.426,51134315,$TSLA,10/14/19-2019
577,51.54,51.578,52.0,50.824,32397280,$TSLA,10/15/19-2019
578,51.478,51.95,52.42,51.384,33521515,$TSLA,10/16/19-2019
579,52.5,52.394,52.956,52.034,23895215,$TSLA,10/17/19-2019
580,52.14,51.39,52.56,51.02,28768330,$TSLA,10/18/19-2019
581,51.666,50.7,51.9,50.036,25540505,$TSLA,10/21/19-2019
582,50.864,51.116,51.666,50.17,23125475,$TSLA,10/22/19-2019
583,50.9,50.936,51.228,50.27,56080910,$TSLA,10/23/19-2019
584,59.674,59.936,60.986,57.84,149096155,$TSLA,10/24/19-2019
585,59.544,65.626,66.0,59.222,150030455,$TSLA,10/25/19-2019
586,65.508,65.542,68.168,64.52,94351430,$TSLA,10/28/19-2019
587,63.998,63.244,64.86,62.95,63421335,$TSLA,10/29/19-2019
588,62.6,63.002,63.758,61.994,48209050,$TSLA,10/30/19-2019
589,62.62,62.984,63.8,62.6,25334780,$TSLA,10/31/19-2019
590,63.264,62.662,63.296,61.96,31919645,$TSLA,11/01/19-2019
591,62.96,63.494,64.388,61.852,43935200,$TSLA,11/04/19-2019
592,63.924,63.444,64.702,63.2236,34717085,$TSLA,11/05/19-2019
593,63.6,65.316,65.344,62.9,39704660,$TSLA,11/06/19-2019
594,65.828,67.108,68.3,65.604,72336740,$TSLA,11/07/19-2019
595,66.9,67.428,67.492,66.5,30371105,$TSLA,11/08/19-2019
596,68.79,69.018,69.838,68.4,49968445,$TSLA,11/11/19-2019
597,69.38,69.986,70.074,68.808,36796915,$TSLA,11/12/19-2019
598,71.0,69.222,71.266,69.036,42339315,$TSLA,11/13/19-2019
599,69.222,69.87,70.768,68.582,32358515,$TSLA,11/14/19-2019
600,70.128,70.434,70.56,69.672,24062815,$TSLA,11/15/19-2019
601,70.5833,69.998,70.63,69.22,22042525,$TSLA,11/18/19-2019
602,70.35,71.904,71.998,69.56,38680390,$TSLA,11/19/19-2019
603,72.0,70.444,72.24,69.914,33669825,$TSLA,11/20/19-2019
604,70.902,70.966,72.168,70.80078,30550065,$TSLA,11/21/19-2019
605,68.032,66.608,68.2,66.0,84353210,$TSLA,11/22/19-2019
606,68.864,67.268,68.914,66.892,61728825,$TSLA,11/25/19-2019
607,67.054,65.784,67.1,65.42,39781195,$TSLA,11/26/19-2019
608,66.224,66.258,66.786,65.714,27817295,$TSLA,11/27/19-2019
609,66.222,65.988,66.252,65.5,12328145,$TSLA,11/29/19-2019
610,65.88,66.974,67.27654,65.7374,30409930,$TSLA,12/02/19-2019
611,66.524,67.24,67.582,66.4372,33067380,$TSLA,12/03/19-2019
612,67.55,66.606,67.572,66.57,27681275,$TSLA,12/04/19-2019
613,66.566,66.074,66.88454,65.45,18684880,$TSLA,12/05/19-2019
614,67.0,67.178,67.772,66.954,38094685,$TSLA,12/06/19-2019
615,67.318,67.906,68.89,67.016,45201085,$TSLA,12/09/19-2019
616,67.992,69.768,70.146,67.862,44199755,$TSLA,12/10/19-2019
617,70.3753,70.54,71.43798,70.218,34595810,$TSLA,12/11/19-2019
618,70.984,71.936,72.548,70.646,38881055,$TSLA,12/12/19-2019
619,72.21,71.678,73.042,70.928,32871405,$TSLA,12/13/19-2019
620,72.51,76.3,76.722,72.5,91104700,$TSLA,12/16/19-2019
621,75.798,75.798,77.1,75.18,42518875,$TSLA,12/17/19-2019
622,76.126,78.63,79.044,76.116,70681960,$TSLA,12/18/19-2019
623,79.464,80.808,81.37,79.3,90601535,$TSLA,12/19/19-2019
624,82.058,81.118,82.6,80.037,73926030,$TSLA,12/20/19-2019
625,82.356,83.844,84.402,82.0,66664105,$TSLA,12/23/19-2019
626,83.672,85.05,85.094,82.5375,40273600,$TSLA,12/24/19-2019
627,85.582,86.188,86.696,85.27,53241445,$TSLA,12/26/19-2019
628,87.0,86.076,87.062,85.222,49784135,$TSLA,12/27/19-2019
629,85.758,82.94,85.8,81.85178,63006325,$TSLA,12/30/19-2019
630,81.00006,83.666,84.258,80.416,51462280,$TSLA,12/31/19-2019
631,84.9,86.052,86.13914,84.342,47791930,$TSLA,01/02/20-2020
632,88.1,88.602,90.8,87.384,88973485,$TSLA,01/03/20-2020
633,88.094,90.308,90.312,88.0,50787495,$TSLA,01/06/20-2020
634,92.28,93.812,94.326,90.671,91045690,$TSLA,01/07/20-2020
635,94.74,98.428,99.698,93.646,155996965,$TSLA,01/08/20-2020
636,99.42,96.268,99.76,94.574,142315930,$TSLA,01/09/20-2020
637,96.358,95.63,96.988,94.74,64884160,$TSLA,01/10/20-2020
638,98.7,104.972,105.126,98.4,133172735,$TSLA,01/13/20-2020
639,108.851,107.584,109.482,104.98,145306885,$TSLA,01/14/20-2020
640,105.952,103.7,107.568,103.35706,86844155,$TSLA,01/15/20-2020
641,98.75,102.698,102.892,98.434,108683265,$TSLA,01/16/20-2020
642,101.522,102.1,103.13398,100.632,68145365,$TSLA,01/17/20-2020
643,106.05,109.44,109.716,105.682,89017355,$TSLA,01/21/20-2020
644,114.378,113.912,118.9,111.82,156845140,$TSLA,01/22/20-2020
645,112.85,114.44,116.4,111.12054,98255210,$TSLA,01/23/20-2020
646,114.126,112.964,114.772,110.852,71768000,$TSLA,01/24/20-2020
647,108.398,111.604,112.888,107.856,68040340,$TSLA,01/27/20-2020
648,113.698,113.38,115.362,111.616,58942465,$TSLA,01/28/20-2020
649,115.138,116.198,117.95998,113.486,91083360,$TSLA,01/29/20-2020
650,126.484,128.162,130.176,123.6,145028380,$TSLA,01/30/20-2020
651,128.0,130.114,130.6,126.504,78596330,$TSLA,01/31/20-2020
652,134.738,156.0,157.228,134.704,236167475,$TSLA,02/03/20-2020
653,176.592,177.412,193.79798,166.776,304693790,$TSLA,02/04/20-2020
654,164.652,146.94,169.196,140.82212,242119185,$TSLA,02/05/20-2020
655,139.984,149.792,159.166,137.4,199403760,$TSLA,02/06/20-2020
656,146.11,149.614,153.95,146.0,85317605,$TSLA,02/07/20-2020
657,160.0,154.256,163.998,150.48,123445815,$TSLA,02/10/20-2020
658,153.758,154.876,156.70122,151.6,58487365,$TSLA,02/11/20-2020
659,155.574,153.458,157.95,152.674,60112350,$TSLA,02/12/20-2020
660,148.368,160.8,163.6,147.0,131446740,$TSLA,02/13/20-2020
661,157.444,160.006,162.594,157.1,78468555,$TSLA,02/14/20-2020
662,168.32,171.68,172.0,166.472,83491845,$TSLA,02/18/20-2020
663,184.7,183.484,188.956,180.204,127114790,$TSLA,02/19/20-2020
664,182.39,179.882,182.4,171.988,88174465,$TSLA,02/20/20-2020
665,181.396,180.2,182.612,176.09,71697230,$TSLA,02/21/20-2020
666,167.8,166.758,172.7,164.44,75960815,$TSLA,02/24/20-2020
667,169.8,159.982,171.32,157.4,86452405,$TSLA,02/25/20-2020
668,156.5,155.76,162.662,155.222,70769215,$TSLA,02/26/20-2020
669,146.0,135.8,147.954,133.8,121385800,$TSLA,02/27/20-2020
670,125.94,133.598,138.104,122.304,122820855,$TSLA,02/28/20-2020
671,142.252,148.724,148.738,137.334,100974955,$TSLA,03/02/20-2020
672,161.0,149.102,161.396,143.22212,128920015,$TSLA,03/03/20-2020
673,152.79206,149.9,153.304,144.9469,75244885,$TSLA,03/04/20-2020
674,144.754,144.908,149.15,143.614,54263285,$TSLA,03/05/20-2020
675,138.0007,140.696,141.4,136.854,63314590,$TSLA,03/06/20-2020
676,121.078,121.6,132.5996,121.0,85368700,$TSLA,03/09/20-2020
677,131.886,129.066,133.6,121.6,77972215,$TSLA,03/10/20-2020
678,128.04,126.846,130.716,122.6,67067935,$TSLA,03/11/20-2020
679,116.178,112.11,118.9,109.25,94545260,$TSLA,03/12/20-2020
680,119.0,109.324,121.514,100.4,113201270,$TSLA,03/13/20-2020
681,93.89994,89.014,98.97398,88.434,102447320,$TSLA,03/16/20-2020
682,88.002,86.04,94.37,79.2,119972900,$TSLA,03/17/20-2020
683,77.8,72.244,80.972,70.102,118930810,$TSLA,03/18/20-2020
684,74.9393,85.528,90.4,71.692,150977300,$TSLA,03/19/20-2020
685,87.64,85.506,95.4,85.158,141427510,$TSLA,03/20/20-2020
686,86.72,86.858,88.39998,82.1,82272745,$TSLA,03/23/20-2020
687,95.46,101.0,102.738,94.8,114475850,$TSLA,03/24/20-2020
688,109.05,107.85,111.4,102.222,106113725,$TSLA,03/25/20-2020
689,109.478,105.632,112.0,102.45,87110410,$TSLA,03/26/20-2020
690,101.0,102.872,105.16,98.806,71887040,$TSLA,03/27/20-2020
691,102.052,100.426,103.32942,98.246,59990335,$TSLA,03/30/20-2020
692,100.25,104.8,108.592,99.4,88857425,$TSLA,03/31/20-2020
693,100.8,96.312,102.79096,95.02,66765900,$TSLA,04/01/20-2020
694,96.206,90.894,98.85198,89.28,99292135,$TSLA,04/02/20-2020
695,101.9,96.002,103.098,93.67802,112810380,$TSLA,04/03/20-2020
696,102.24,103.248,104.2,99.592,74509180,$TSLA,04/06/20-2020
697,109.0,109.09,113.0,106.468,89598920,$TSLA,04/07/20-2020
698,110.84,109.768,111.44162,106.666,63280120,$TSLA,04/08/20-2020
699,112.418,114.6,115.03636,111.422,68250000,$TSLA,04/09/20-2020
700,118.032,130.19,130.4,116.106,112377105,$TSLA,04/13/20-2020
701,139.794,141.978,148.376,138.486,152882555,$TSLA,04/14/20-2020
702,148.4,145.966,150.626,142.0,117885005,$TSLA,04/15/20-2020
703,143.388,149.042,151.89,141.343,103289310,$TSLA,04/16/20-2020
704,154.456,150.778,154.99,149.532,65641185,$TSLA,04/17/20-2020
705,146.54,149.272,153.114,142.442,73732885,$TSLA,04/20/20-2020
706,146.024,137.344,150.666,134.758,101045465,$TSLA,04/21/20-2020
707,140.796,146.422,146.8,137.742,71124155,$TSLA,04/22/20-2020
708,145.52,141.126,146.8,140.626,66183485,$TSLA,04/23/20-2020
709,142.162,145.03,146.146,139.636,66188060,$TSLA,04/24/20-2020
710,147.522,159.75,159.898,147.0,103407210,$TSLA,04/27/20-2020
711,159.128,153.824,161.0,151.338,76109820,$TSLA,04/28/20-2020
712,158.034,160.102,160.63998,156.632,81079910,$TSLA,04/29/20-2020
713,171.038,156.376,173.964,152.7,142359270,$TSLA,04/30/20-2020
714,151.0,140.264,154.554,136.608,162659035,$TSLA,05/01/20-2020
715,140.2,152.238,152.4,139.6,96185450,$TSLA,05/04/20-2020
716,157.958,153.642,159.784,152.436,84958280,$TSLA,05/05/20-2020
717,155.3,156.516,157.96,152.222,55616155,$TSLA,05/06/20-2020
718,155.442,156.008,159.28,154.47,57638430,$TSLA,05/07/20-2020
719,158.754,163.884,164.8,157.402,80650435,$TSLA,05/08/20-2020
720,158.102,162.258,164.8,157.0,82598005,$TSLA,05/11/20-2020
721,165.4,161.882,168.658,161.6,79534525,$TSLA,05/12/20-2020
722,164.166,158.192,165.2,152.66,95327455,$TSLA,05/13/20-2020
723,156.0,160.666,160.672,152.8,68410940,$TSLA,05/14/20-2020
724,158.07,159.834,161.00972,157.3104,52592140,$TSLA,05/15/20-2020
725,165.556,162.726,166.94402,160.776,58490510,$TSLA,05/18/20-2020
726,163.034,161.602,164.414,161.216,48182610,$TSLA,05/19/20-2020
727,164.1,163.112,165.2,162.36,36546355,$TSLA,05/20/20-2020
728,163.2,165.52,166.5,159.2,61272920,$TSLA,05/21/20-2020
729,164.4347,163.376,166.356,162.4,49937375,$TSLA,05/22/20-2020
730,166.9,163.774,166.92,163.141,40448680,$TSLA,05/26/20-2020
731,164.172,164.046,165.542,157.0,57747650,$TSLA,05/27/20-2020
732,162.702,161.162,164.95,160.338,36378870,$TSLA,05/28/20-2020
733,161.75,167.0,167.0,160.842,59062445,$TSLA,05/29/20-2020
734,171.6,179.62,179.8,170.82,75426485,$TSLA,06/01/20-2020
735,178.94,176.312,181.732,174.2,67827980,$TSLA,06/02/20-2020
736,177.624,176.592,179.588,176.02,39747345,$TSLA,06/03/20-2020
737,177.976,172.876,179.15,171.688,44438565,$TSLA,06/04/20-2020
738,175.568,177.132,177.304,173.24,39059585,$TSLA,06/05/20-2020
739,183.8,189.984,190.0,181.832,70873635,$TSLA,06/08/20-2020
740,188.002,188.134,190.88798,184.7862,56940770,$TSLA,06/09/20-2020
741,198.376,205.01,205.496,196.5,92817065,$TSLA,06/10/20-2020
742,198.04,194.568,203.79198,194.4,79582410,$TSLA,06/11/20-2020
743,196.0,187.056,197.596,182.52,83816870,$TSLA,06/12/20-2020
744,183.558,198.18,199.768,181.7,78485890,$TSLA,06/15/20-2020
745,202.37,196.426,202.576,192.478,70255390,$TSLA,06/16/20-2020
746,197.542,198.358,201.0,196.5142,49454000,$TSLA,06/17/20-2020
747,200.6,200.792,203.84,198.89416,48759680,$TSLA,06/18/20-2020
748,202.556,200.18,203.19398,198.268,43398745,$TSLA,06/19/20-2020
749,199.99,198.864,201.776,198.004,31811750,$TSLA,06/22/20-2020
750,199.776,200.356,202.4,198.80202,31826355,$TSLA,06/23/20-2020
751,198.822,192.17,200.17692,190.62828,54797965,$TSLA,06/24/20-2020
752,190.854,197.196,197.196,187.43,46272745,$TSLA,06/25/20-2020
753,198.956,191.948,199.0,190.974,44274540,$TSLA,06/26/20-2020
754,193.802,201.87,202.0,189.70402,45132020,$TSLA,06/29/20-2020
755,201.3,215.962,217.538,200.746,84592505,$TSLA,06/30/20-2020
756,216.6,223.926,227.066,216.1,66634480,$TSLA,07/01/20-2020
757,244.296,241.732,245.6,237.12,86250575,$TSLA,07/02/20-2020
758,255.338,274.316,275.558,253.2088,102849320,$TSLA,07/06/20-2020
759,281.002,277.972,285.9,267.342,107448305,$TSLA,07/07/20-2020
760,281.0,273.176,283.452,262.268,81556560,$TSLA,07/08/20-2020
761,279.398,278.856,281.712,270.256,58587990,$TSLA,07/09/20-2020
762,279.2,308.93,309.783,275.20202,116687765,$TSLA,07/10/20-2020
763,331.8,299.412,358.998,294.22202,194926810,$TSLA,07/13/20-2020
764,311.2,303.36,318.0,286.2,117090700,$TSLA,07/14/20-2020
765,308.6,309.202,310.0,291.4,81839145,$TSLA,07/15/20-2020
766,295.432,300.128,306.342,293.2,71503925,$TSLA,07/16/20-2020
767,302.69,300.168,307.502,298.0,46649860,$TSLA,07/17/20-2020
768,303.802,328.6,330.0,297.6,85606835,$TSLA,07/20/20-2020
769,327.986,313.672,335.0,311.6,80786400,$TSLA,07/21/20-2020
770,319.8,318.466,325.284,312.4,70805400,$TSLA,07/22/20-2020
771,335.79,302.614,337.8,296.154,121642520,$TSLA,07/23/20-2020
772,283.202,283.4,293.0,273.30802,96983080,$TSLA,07/24/20-2020
773,287.0,307.92,309.588,282.60006,80243345,$TSLA,07/27/20-2020
774,300.8,295.298,312.94,294.884,79043500,$TSLA,07/28/20-2020
775,300.2,299.822,306.962,297.4,47134465,$TSLA,07/29/20-2020
776,297.6,297.498,302.648,294.2,38105195,$TSLA,07/30/20-2020
777,303.0,286.152,303.41,284.196,61234800,$TSLA,07/31/20-2020
778,289.84,297.0,301.96202,288.87688,44046730,$TSLA,08/03/20-2020
779,299.002,297.4,305.482,292.4,42074950,$TSLA,08/04/20-2020
780,298.598,297.004,299.96768,293.662,24890075,$TSLA,08/05/20-2020
781,298.166,297.916,303.462,295.452,29961565,$TSLA,08/06/20-2020
782,299.9073,290.542,299.95,283.002,44482100,$TSLA,08/07/20-2020
783,289.6,283.714,291.5,277.168,37611320,$TSLA,08/10/20-2020
784,279.2,274.878,284.0,273.0,43129170,$TSLA,08/11/20-2020
785,294.0,310.952,317.0,287.0,109494170,$TSLA,08/12/20-2020
786,322.2,324.2,330.236,313.452,102126540,$TSLA,08/13/20-2020
787,332.998,330.142,333.76,325.328,62888070,$TSLA,08/14/20-2020
788,335.4,367.128,369.172,334.566,101211615,$TSLA,08/17/20-2020
789,379.798,377.418,384.78,369.022,82372455,$TSLA,08/18/20-2020
790,373.0,375.706,382.2,368.242,61026655,$TSLA,08/19/20-2020
791,372.136,400.366,404.398,371.412,103058980,$TSLA,08/20/20-2020
792,408.952,409.996,419.098,405.01,107447795,$TSLA,08/21/20-2020
793,425.255,402.84,425.8,385.504,100318105,$TSLA,08/24/20-2020
794,394.978,404.668,405.59,393.6,53294465,$TSLA,08/25/20-2020
795,412.0,430.634,433.2,410.72582,71196910,$TSLA,08/26/20-2020
796,436.092,447.75,459.12,428.5,118465215,$TSLA,08/27/20-2020
797,459.024,442.68,463.698,437.304,100405880,$TSLA,08/28/20-2020
798,444.61,498.32,500.14,440.11,118374406,$TSLA,08/31/20-2020
799,502.14,475.05,502.49,470.51,90119419,$TSLA,09/01/20-2020
800,478.99,447.37,479.04,405.1206,96176128,$TSLA,09/02/20-2020
801,407.23,407.0,431.8,402.0,87596086,$TSLA,09/03/20-2020
802,402.81,418.32,428.0,372.0201,110321885,$TSLA,09/04/20-2020
803,356.0,330.21,368.74,329.88,115465691,$TSLA,09/08/20-2020
804,356.6,366.28,369.0,341.51,79465769,$TSLA,09/09/20-2020
805,386.21,371.34,398.99,360.56,84930608,$TSLA,09/10/20-2020
806,381.94,372.72,382.5,360.5,60717459,$TSLA,09/11/20-2020
807,380.95,419.62,420.0,373.3,83020608,$TSLA,09/14/20-2020
808,436.56,449.76,461.94,430.7,97298228,$TSLA,09/15/20-2020
809,439.87,441.76,457.79,435.31,72546760,$TSLA,09/16/20-2020
810,415.6,423.43,437.79,408.0001,76779163,$TSLA,09/17/20-2020
811,447.94,442.15,451.0,428.8,86406819,$TSLA,09/18/20-2020
812,453.13,449.39,455.68,407.07,109476800,$TSLA,09/21/20-2020
813,429.6,424.23,437.76,417.6001,79580795,$TSLA,09/22/20-2020
814,405.16,380.36,412.15,375.8801,95074176,$TSLA,09/23/20-2020
815,363.8,387.79,399.5,351.3,96561061,$TSLA,09/24/20-2020
816,393.47,407.34,408.7323,391.3,67208459,$TSLA,09/25/20-2020
817,424.62,421.2,428.08,415.55,49719561,$TSLA,09/28/20-2020
818,416.0,419.07,428.5,411.6,50341404,$TSLA,09/29/20-2020
819,421.32,429.01,433.93,420.47,48145566,$TSLA,09/30/20-2020
820,440.76,448.16,448.88,434.42,50741454,$TSLA,10/01/20-2020
821,421.39,415.09,439.13,415.0,71430025,$TSLA,10/02/20-2020
822,423.35,425.68,433.64,419.33,44722786,$TSLA,10/05/20-2020
823,423.79,413.98,428.7799,406.05,49146259,$TSLA,10/06/20-2020
824,419.87,425.3,429.9,413.845,43127709,$TSLA,10/07/20-2020
825,438.44,425.92,439.0,425.3,40421116,$TSLA,10/08/20-2020
826,430.13,434.0,434.5899,426.4601,28925656,$TSLA,10/09/20-2020
827,442.0,442.3,448.74,438.58,38791133,$TSLA,10/12/20-2020
828,443.35,446.65,448.89,436.6,34463665,$TSLA,10/13/20-2020
829,449.78,461.3,465.9,447.35,48045394,$TSLA,10/14/20-2020
830,450.31,448.88,456.57,442.5,35672354,$TSLA,10/15/20-2020
831,454.44,439.67,455.9499,438.85,32775879,$TSLA,10/16/20-2020
832,446.24,430.83,447.0,428.87,36287843,$TSLA,10/19/20-2020
833,431.75,421.94,431.75,419.0501,31656289,$TSLA,10/20/20-2020
834,422.7,422.64,432.95,421.25,32370461,$TSLA,10/21/20-2020
835,441.92,425.79,445.23,424.51,39993191,$TSLA,10/22/20-2020
836,421.84,420.63,422.8859,407.3801,33716980,$TSLA,10/23/20-2020
837,411.63,420.28,425.76,410.0,28239161,$TSLA,10/26/20-2020
838,423.76,424.68,430.5,420.1,22686506,$TSLA,10/27/20-2020
839,416.48,406.02,418.6,406.0,25451409,$TSLA,10/28/20-2020
840,409.96,410.83,418.06,406.46,22655308,$TSLA,10/29/20-2020
841,406.8954,388.04,407.5915,379.11,42587639,$TSLA,10/30/20-2020
842,394.0,400.51,406.9799,392.3,29021118,$TSLA,11/02/20-2020
843,409.73,423.9,427.77,406.69,34351715,$TSLA,11/03/20-2020
844,430.62,420.98,435.4,417.1,32143057,$TSLA,11/04/20-2020
845,428.3,438.09,440.0,424.0001,28414523,$TSLA,11/05/20-2020
846,436.1,429.95,436.57,424.28,21706014,$TSLA,11/06/20-2020
847,439.5,421.26,452.5,421.0,34833025,$TSLA,11/09/20-2020
848,420.09,410.36,420.09,396.0301,30284224,$TSLA,11/10/20-2020
849,416.45,417.13,418.695,410.58,17357722,$TSLA,11/11/20-2020
850,415.05,411.76,423.0,409.52,19940500,$TSLA,11/12/20-2020
851,410.85,408.5,412.5319,401.66,19830351,$TSLA,11/13/20-2020
852,408.93,408.09,412.45,404.0868,26838635,$TSLA,11/16/20-2020
853,460.17,441.61,462.0,433.01,61188281,$TSLA,11/17/20-2020
854,448.35,486.64,496.0,443.5001,78044024,$TSLA,11/18/20-2020
855,492.0,499.27,508.6112,487.57,62475346,$TSLA,11/19/20-2020
856,497.99,489.61,502.5,489.06,32911922,$TSLA,11/20/20-2020
857,503.5,521.85,526.0,501.79,50260304,$TSLA,11/23/20-2020
858,540.4,555.38,559.99,526.2,53648494,$TSLA,11/24/20-2020
859,550.06,574.0,574.0,545.37,48930162,$TSLA,11/25/20-2020
860,581.16,585.76,598.78,578.45,37561078,$TSLA,11/27/20-2020
861,602.21,567.6,607.8,554.51,63003052,$TSLA,11/30/20-2020
862,597.59,584.76,597.85,572.05,40382832,$TSLA,12/01/20-2020
863,556.44,568.82,571.54,541.21,47775653,$TSLA,12/02/20-2020
864,590.02,593.38,598.97,582.43,42552003,$TSLA,12/03/20-2020
865,591.01,599.04,599.04,585.5,29401314,$TSLA,12/04/20-2020
866,604.9197,641.76,648.7856,603.05,56309709,$TSLA,12/07/20-2020
867,625.505,649.88,651.28,618.5,64265029,$TSLA,12/08/20-2020
868,653.69,604.48,654.32,588.0,71291190,$TSLA,12/09/20-2020
869,574.37,627.07,627.75,566.34,67083153,$TSLA,12/10/20-2020
870,615.01,609.99,624.0,596.8,46474974,$TSLA,12/11/20-2020
871,619.0,639.83,642.7499,610.2001,52040649,$TSLA,12/14/20-2020
872,643.28,633.25,646.9,623.8,45223559,$TSLA,12/15/20-2020
873,628.23,622.77,632.5,605.0,42095813,$TSLA,12/16/20-2020
874,628.19,655.9,658.82,619.5,56270144,$TSLA,12/17/20-2020
875,668.9,695.0,695.0,628.54,222126190,$TSLA,12/18/20-2020
876,666.24,649.86,668.5,646.07,58045264,$TSLA,12/21/20-2020
877,648.0,640.34,649.88,614.23,51861644,$TSLA,12/22/20-2020
878,632.2,645.98,651.4999,622.5701,33172972,$TSLA,12/23/20-2020
879,642.99,661.77,666.09,641.0,22865568,$TSLA,12/24/20-2020
880,674.51,663.69,681.4,660.8,32278561,$TSLA,12/28/20-2020
881,661.0,665.99,669.9,655.0,22910811,$TSLA,12/29/20-2020
882,672.0,694.78,696.6,668.3603,42846021,$TSLA,12/30/20-2020
883,699.99,705.67,718.72,691.12,49649928,$TSLA,12/31/20-2020
884,719.46,729.77,744.4899,717.1895,48638189,$TSLA,01/04/21-2021
885,723.66,735.11,740.84,719.2,32245165,$TSLA,01/05/21-2021
886,758.49,755.98,774.0,749.1,44699965,$TSLA,01/06/21-2021
887,777.63,816.04,816.99,775.2,51498948,$TSLA,01/07/21-2021
888,856.0,880.02,884.49,838.39,75055528,$TSLA,01/08/21-2021
889,849.4,811.19,854.43,803.6222,59554146,$TSLA,01/11/21-2021
890,831.0,849.44,868.0,827.34,46270720,$TSLA,01/12/21-2021
891,852.76,854.41,860.47,832.0,33312496,$TSLA,01/13/21-2021
892,843.39,845.0,863.0,838.75,31266327,$TSLA,01/14/21-2021
893,852.0,826.16,859.9,819.1,38777596,$TSLA,01/15/21-2021
894,837.8,844.55,850.0,833.0,25366980,$TSLA,01/19/21-2021
895,858.74,850.45,859.5,837.28,25665883,$TSLA,01/20/21-2021
896,855.0,844.99,855.7199,841.4201,20598133,$TSLA,01/21/21-2021
897,834.31,846.64,848.0,828.62,20066497,$TSLA,01/22/21-2021
898,855.0,880.8,900.4,838.8201,41173397,$TSLA,01/25/21-2021
899,891.38,883.09,895.9,871.6,23131603,$TSLA,01/26/21-2021
900,870.35,864.16,891.5,858.66,27333955,$TSLA,01/27/21-2021
901,820.0,835.43,848.0,801.0,26378048,$TSLA,01/28/21-2021
902,830.0003,793.53,842.41,780.1,34990754,$TSLA,01/29/21-2021
903,814.29,839.81,842.0,795.5601,25391385,$TSLA,02/01/21-2021
904,844.68,872.79,880.5,842.2006,24346213,$TSLA,02/02/21-2021
905,877.02,854.69,878.08,853.0646,18343510,$TSLA,02/03/21-2021
906,855.0,849.99,856.5,833.42,15812661,$TSLA,02/04/21-2021
907,845.0,852.23,864.77,838.97,18566637,$TSLA,02/05/21-2021
908,869.67,863.42,877.77,854.75,20161719,$TSLA,02/08/21-2021
909,855.12,849.46,859.8,841.75,15157651,$TSLA,02/09/21-2021
910,843.635,804.82,844.82,800.02,36216090,$TSLA,02/10/21-2021
911,812.44,811.66,829.8799,801.725,21622753,$TSLA,02/11/21-2021
912,801.26,816.12,817.33,785.3306,23768313,$TSLA,02/12/21-2021
913,818.0,796.22,821.0,792.44,19802324,$TSLA,02/16/21-2021
914,779.09,798.15,799.84,762.01,26078898,$TSLA,02/17/21-2021
915,780.9,787.38,794.69,776.27,17957058,$TSLA,02/18/21-2021
916,795.0,781.3,796.7899,777.37,18958255,$TSLA,02/19/21-2021
917,762.64,714.5,768.5,710.2,37269716,$TSLA,02/22/21-2021
918,662.13,698.84,713.6099,619.0,66606882,$TSLA,02/23/21-2021
919,711.85,742.02,745.0,694.17,36766950,$TSLA,02/24/21-2021
920,726.15,682.22,737.2066,670.58,39023855,$TSLA,02/25/21-2021
921,700.0,675.5,706.7,659.51,41089173,$TSLA,02/26/21-2021
922,690.11,718.43,872.0,685.05,27136239,$TSLA,03/01/21-2021
923,718.28,686.44,721.11,685.0,23732158,$TSLA,03/02/21-2021
924,687.99,653.2,700.7,651.705,30207960,$TSLA,03/03/21-2021
925,655.8,621.44,873.94,600.0,65919530,$TSLA,03/04/21-2021
926,626.06,597.95,627.8419,539.49,89396459,$TSLA,03/05/21-2021
927,600.55,563.0,620.125,558.79,51786958,$TSLA,03/08/21-2021
928,608.18,673.58,678.09,595.21,67523328,$TSLA,03/09/21-2021
929,700.3,668.06,717.85,655.06,60605672,$TSLA,03/10/21-2021
930,699.4,699.6,702.5,677.18,36253892,$TSLA,03/11/21-2021
931,670.0,693.73,694.88,666.1394,33583840,$TSLA,03/12/21-2021
932,694.09,707.94,713.18,684.04,29423479,$TSLA,03/15/21-2021
933,703.35,676.88,707.92,671.0,32195672,$TSLA,03/16/21-2021
934,656.87,701.81,703.73,651.01,40372453,$TSLA,03/17/21-2021
935,684.29,653.16,689.23,652.0,33369022,$TSLA,03/18/21-2021
936,646.6,654.87,657.23,624.6201,42893978,$TSLA,03/19/21-2021
937,684.59,670.0,699.62,668.75,39512221,$TSLA,03/22/21-2021
938,675.77,662.16,677.8,657.51,30491870,$TSLA,03/23/21-2021
939,667.91,630.27,668.02,630.11,33795174,$TSLA,03/24/21-2021
940,613.0,640.39,645.5,609.5,39224850,$TSLA,03/25/21-2021
941,641.87,618.71,643.82,599.89,33852827,$TSLA,03/26/21-2021
942,615.64,611.29,616.48,596.02,28636985,$TSLA,03/29/21-2021
943,601.75,635.62,637.66,591.01,39432359,$TSLA,03/30/21-2021
944,646.62,667.93,672.0,641.11,33337288,$TSLA,03/31/21-2021
945,688.37,661.75,692.4203,659.42,35298378,$TSLA,04/01/21-2021
946,707.71,691.05,708.16,684.7,41842767,$TSLA,04/05/21-2021
947,690.3,691.62,696.55,681.37,28271839,$TSLA,04/06/21-2021
948,687.0,670.97,691.38,667.84,26309433,$TSLA,04/07/21-2021
949,677.38,683.8,689.5499,671.645,23924329,$TSLA,04/08/21-2021
950,677.77,677.02,680.97,669.43,21437087,$TSLA,04/09/21-2021
951,685.7,701.98,704.8,682.09,29135670,$TSLA,04/12/21-2021
952,712.7,762.32,763.0,710.66,44652808,$TSLA,04/13/21-2021
953,770.7,732.23,780.79,728.03,49017434,$TSLA,04/14/21-2021
954,743.1,738.85,743.69,721.31,27848900,$TSLA,04/15/21-2021
955,728.65,739.78,749.41,724.6,27979526,$TSLA,04/16/21-2021
956,719.6,714.63,725.4,691.8001,39686226,$TSLA,04/19/21-2021
957,717.42,718.99,737.25,710.685,35609038,$TSLA,04/20/21-2021
958,704.77,744.12,744.84,698.0,31215514,$TSLA,04/21/21-2021
959,741.5,719.69,753.77,718.04,35590255,$TSLA,04/22/21-2021
960,719.8,729.4,737.36,715.46,28413889,$TSLA,04/23/21-2021
961,741.0,738.2,749.3,732.6053,31038502,$TSLA,04/26/21-2021
962,717.96,704.74,724.0,703.3501,29436995,$TSLA,04/27/21-2021
963,696.41,694.4,708.5,693.6,22271047,$TSLA,04/28/21-2021
964,699.51,677.0,702.25,668.5002,28845449,$TSLA,04/29/21-2021
965,667.59,709.44,715.47,666.14,40758722,$TSLA,04/30/21-2021
966,703.8,684.9,706.0,680.5,27043143,$TSLA,05/03/21-2021
967,678.94,673.6,683.4464,657.701,29739319,$TSLA,05/04/21-2021
968,681.06,670.94,685.2955,667.34,21901894,$TSLA,05/05/21-2021
969,680.76,663.54,681.02,650.0,27784619,$TSLA,05/06/21-2021
970,665.8,672.37,690.0,660.22,23469172,$TSLA,05/07/21-2021
971,664.9,629.04,665.05,627.6101,31392417,$TSLA,05/10/21-2021
972,599.24,617.2,627.0999,595.6,46503896,$TSLA,05/11/21-2021
973,602.49,589.89,620.41,586.765,33823646,$TSLA,05/12/21-2021
974,601.545,571.69,606.4599,559.65,44184916,$TSLA,05/13/21-2021
975,583.41,589.74,592.87,570.46,33370856,$TSLA,05/14/21-2021
976,575.5531,576.83,589.73,561.2,32390360,$TSLA,05/17/21-2021
977,568.0,577.87,596.25,563.38,36830567,$TSLA,05/18/21-2021
978,552.55,563.46,566.21,546.98,39578395,$TSLA,05/19/21-2021
979,575.0,586.78,588.85,571.07,30821119,$TSLA,05/20/21-2021
980,596.11,580.88,596.68,580.0,26030595,$TSLA,05/21/21-2021
981,581.6,606.44,614.48,573.65,34558089,$TSLA,05/24/21-2021
982,607.31,604.69,613.99,595.71,28005933,$TSLA,05/25/21-2021
983,607.56,619.13,626.17,601.5,28639305,$TSLA,05/26/21-2021
984,620.24,630.85,631.13,616.21,26370593,$TSLA,05/27/21-2021
985,628.5,625.22,635.59,622.38,22737038,$TSLA,05/28/21-2021
986,627.8,623.9,633.8,620.55,18084890,$TSLA,06/01/21-2021
987,620.13,605.12,623.36,599.14,23302779,$TSLA,06/02/21-2021
988,601.8,572.84,604.55,571.22,30111893,$TSLA,06/03/21-2021
989,579.71,599.05,600.61,577.2,24036896,$TSLA,06/04/21-2021
990,591.825,605.13,610.0,582.88,22543682,$TSLA,06/07/21-2021
991,623.01,603.59,623.09,595.5,26053405,$TSLA,06/08/21-2021
992,602.17,598.78,611.79,597.6301,16584566,$TSLA,06/09/21-2021
993,603.88,610.12,616.59,600.5,23919606,$TSLA,06/10/21-2021
994,610.23,609.89,612.56,601.52,16205303,$TSLA,06/11/21-2021
995,612.23,617.69,625.49,609.18,20423983,$TSLA,06/14/21-2021
996,616.69,599.36,616.79,598.23,17764145,$TSLA,06/15/21-2021
997,597.535,604.87,608.5,593.5,22144127,$TSLA,06/16/21-2021
998,601.8878,616.6,621.47,601.34,22701350,$TSLA,06/17/21-2021
999,613.37,623.31,628.35,611.8,24560905,$TSLA,06/18/21-2021
1000,624.48,620.83,631.39,608.88,24812741,$TSLA,06/21/21-2021
1001,618.25,623.71,628.5693,615.5,19158892,$TSLA,06/22/21-2021
1002,632.0,656.57,657.204,630.04,31099228,$TSLA,06/23/21-2021
1003,674.99,679.82,697.62,667.61,45982386,$TSLA,06/24/21-2021
1004,689.58,671.87,693.81,668.7,32496707,$TSLA,06/25/21-2021
1005,671.64,688.72,694.6999,670.32,21628159,$TSLA,06/28/21-2021
1006,684.65,680.76,687.5099,675.89,17381313,$TSLA,06/29/21-2021
1007,679.77,679.7,692.81,678.14,18924862,$TSLA,06/30/21-2021
1008,683.92,677.92,687.99,672.8,18634522,$TSLA,07/01/21-2021
1009,678.98,678.9,700.0,673.26,27097374,$TSLA,07/02/21-2021
1010,681.7115,659.58,684.0,651.4002,23284450,$TSLA,07/06/21-2021
1011,664.27,644.65,665.7,638.32,18791960,$TSLA,07/07/21-2021
1012,628.37,652.81,654.43,620.46,22773316,$TSLA,07/08/21-2021
1013,653.185,656.95,658.91,644.69,18140548,$TSLA,07/09/21-2021
1014,662.2,685.7,687.24,662.161,25927042,$TSLA,07/12/21-2021
1015,686.32,668.54,693.28,666.2958,20966092,$TSLA,07/13/21-2021
1016,670.75,653.38,678.6099,652.84,21641190,$TSLA,07/14/21-2021
1017,658.39,650.6,666.14,637.88,20209571,$TSLA,07/15/21-2021
1018,654.68,644.22,656.6999,642.2,16370970,$TSLA,07/16/21-2021
1019,629.89,646.22,647.1999,621.29,21297090,$TSLA,07/19/21-2021
1020,651.99,660.5,662.3916,640.501,15487127,$TSLA,07/20/21-2021
1021,659.61,655.29,664.8599,650.2901,13953338,$TSLA,07/21/21-2021
1022,656.4428,649.26,662.17,644.6001,15105727,$TSLA,07/22/21-2021
1023,646.36,643.38,648.8,637.3001,14604944,$TSLA,07/23/21-2021
1024,650.97,657.62,668.1999,647.11,25336556,$TSLA,07/26/21-2021
1025,663.4,644.78,666.5,627.24,32813290,$TSLA,07/27/21-2021
1026,646.995,646.98,654.9699,639.4001,16006596,$TSLA,07/28/21-2021
1027,649.79,677.35,683.69,648.8,30394637,$TSLA,07/29/21-2021
1028,671.758,687.2,697.53,669.0,29656411,$TSLA,07/30/21-2021
1029,700.0,709.67,726.94,698.4,33615765,$TSLA,08/02/21-2021
1030,719.0,709.74,722.65,701.01,21620253,$TSLA,08/03/21-2021
1031,711.0,710.92,724.9,708.93,17002647,$TSLA,08/04/21-2021
1032,716.0,714.63,720.9499,711.41,12919637,$TSLA,08/05/21-2021
1033,711.9,699.1,716.33,697.63,15623049,$TSLA,08/06/21-2021
1034,710.17,713.76,719.03,705.13,14715349,$TSLA,08/09/21-2021
1035,713.99,709.99,716.59,701.88,13432305,$TSLA,08/10/21-2021
1036,712.71,707.82,715.18,704.21,9800558,$TSLA,08/11/21-2021
1037,706.34,722.25,722.8,699.4,17681686,$TSLA,08/12/21-2021
1038,723.71,717.17,729.9,714.34,16731467,$TSLA,08/13/21-2021
1039,705.07,686.17,709.5,676.4,23103303,$TSLA,08/16/21-2021
1040,672.66,665.71,674.58,648.84,23721279,$TSLA,08/17/21-2021
1041,669.7479,688.99,695.77,669.35,20349375,$TSLA,08/18/21-2021
1042,678.21,673.47,686.55,667.59,14313486,$TSLA,08/19/21-2021
1043,682.85,680.26,692.1299,673.7,14841865,$TSLA,08/20/21-2021
1044,685.442,706.3,712.1299,680.7505,20264859,$TSLA,08/23/21-2021
1045,710.68,708.49,715.22,702.64,13083071,$TSLA,08/24/21-2021
1046,707.03,711.2,716.97,704.0,12645562,$TSLA,08/25/21-2021
1047,708.31,701.16,715.4,697.6201,13214292,$TSLA,08/26/21-2021
1048,705.0,711.92,715.0,702.1001,13833763,$TSLA,08/27/21-2021
1049,714.715,730.91,731.0,712.73,18604220,$TSLA,08/30/21-2021
1050,733.0,735.72,740.39,726.44,20855436,$TSLA,08/31/21-2021
1051,734.08,734.09,741.99,731.2701,13204335,$TSLA,09/01/21-2021
1052,734.5,732.39,740.97,730.54,12796739,$TSLA,09/02/21-2021
1053,732.2494,733.57,734.0,724.2,15271045,$TSLA,09/03/21-2021
1054,740.0,752.92,760.2,739.26,20039825,$TSLA,09/07/21-2021
1055,761.58,753.87,764.45,740.7733,18793036,$TSLA,09/08/21-2021
1056,753.41,754.86,762.1,751.6301,14077731,$TSLA,09/09/21-2021
1057,759.6,736.27,762.61,734.5201,15184170,$TSLA,09/10/21-2021
1058,740.2143,743.0,744.78,708.85,22952482,$TSLA,09/13/21-2021
1059,742.57,744.49,754.47,736.4,18524881,$TSLA,09/14/21-2021
1060,745.0,755.83,756.86,738.36,15357685,$TSLA,09/15/21-2021
1061,752.83,756.99,758.91,747.61,13923393,$TSLA,09/16/21-2021
1062,757.15,759.49,761.04,750.0,28204176,$TSLA,09/17/21-2021
1063,734.5577,730.17,742.0,718.6249,24757652,$TSLA,09/20/21-2021
1064,734.79,739.38,744.7399,730.44,16330723,$TSLA,09/21/21-2021
1065,743.5263,751.94,753.6699,739.12,15126272,$TSLA,09/22/21-2021
1066,755.0,753.64,758.2,747.92,11947527,$TSLA,09/23/21-2021
1067,745.89,774.39,774.8,744.56,21373022,$TSLA,09/24/21-2021
1068,773.12,791.36,799.0,769.31,28070657,$TSLA,09/27/21-2021
1069,787.2,777.56,795.64,766.1801,25381422,$TSLA,09/28/21-2021
1070,779.8,781.31,793.5,770.68,20942877,$TSLA,09/29/21-2021
1071,781.0,775.48,789.1305,775.0,17955961,$TSLA,09/30/21-2021
1072,778.4,775.22,780.78,763.59,17031414,$TSLA,10/01/21-2021
1073,796.5,781.53,806.9699,776.12,30483341,$TSLA,10/04/21-2021
1074,784.7962,780.59,797.31,774.2,18432625,$TSLA,10/05/21-2021
1075,776.2,782.75,786.66,773.22,14632768,$TSLA,10/06/21-2021
1076,785.46,793.61,805.0,783.38,19195782,$TSLA,10/07/21-2021
1077,796.21,785.49,796.38,780.91,16738604,$TSLA,10/08/21-2021
1078,787.65,791.94,801.24,785.5,14200322,$TSLA,10/11/21-2021
1079,800.93,805.72,812.32,796.57,22020040,$TSLA,10/12/21-2021
1080,810.47,811.08,815.41,805.78,14120075,$TSLA,10/13/21-2021
1081,815.49,818.32,820.25,813.3501,12247170,$TSLA,10/14/21-2021
1082,823.7384,843.03,843.21,822.35,18924567,$TSLA,10/15/21-2021
1083,851.79,870.11,875.26,851.47,24207244,$TSLA,10/18/21-2021
1084,877.53,864.27,877.95,862.51,17381128,$TSLA,10/19/21-2021
1085,865.35,865.8,869.49,857.38,14032052,$TSLA,10/20/21-2021
1086,856.0,894.0,900.0,855.5046,31481454,$TSLA,10/21/21-2021
1087,895.5,909.68,910.0,890.96,22880835,$TSLA,10/22/21-2021
1088,950.53,1024.86,1045.02,944.2,62852099,$TSLA,10/25/21-2021
1089,1024.69,1018.43,1094.94,1001.44,62414968,$TSLA,10/26/21-2021
1090,1039.66,1037.86,1070.88,1030.78,38526459,$TSLA,10/27/21-2021
1091,1068.305,1077.04,1081.0,1054.2,27213173,$TSLA,10/28/21-2021
1092,1081.86,1114.0,1115.21,1073.205,29918417,$TSLA,10/29/21-2021
1093,1145.0,1208.59,1209.75,1118.66,56048716,$TSLA,11/01/21-2021
1094,1159.355,1172.0,1208.59,1146.0,42737797,$TSLA,11/02/21-2021
1095,1177.33,1213.86,1215.39,1152.62,34628519,$TSLA,11/03/21-2021
1096,1234.41,1229.91,1243.49,1217.0,25397410,$TSLA,11/04/21-2021
1097,1228.0,1222.09,1239.87,1208.0,21628812,$TSLA,11/05/21-2021
1098,1149.785,1162.94,1197.0,1133.0,33445715,$TSLA,11/08/21-2021
1099,1173.6,1023.5,1174.5,1011.52,59105836,$TSLA,11/09/21-2021
1100,1010.41,1067.95,1078.1,987.31,42802722,$TSLA,11/10/21-2021
1101,1102.77,1063.51,1104.97,1054.68,22396568,$TSLA,11/11/21-2021
1102,1047.5,1033.42,1054.5,1019.2,25573148,$TSLA,11/12/21-2021
1103,1017.63,1013.39,1031.98,978.6,34775649,$TSLA,11/15/21-2021
1104,1003.31,1054.73,1057.1999,1002.18,26542359,$TSLA,11/16/21-2021
1105,1063.51,1089.01,1119.64,1055.5,31445365,$TSLA,11/17/21-2021
1106,1106.55,1096.38,1112.0,1075.02,20898930,$TSLA,11/18/21-2021
1107,1098.87,1137.06,1138.7199,1092.7,21642258,$TSLA,11/19/21-2021
1108,1162.33,1156.87,1201.95,1132.43,33072509,$TSLA,11/22/21-2021
1109,1167.51,1109.03,1180.4999,1062.7,36171700,$TSLA,11/23/21-2021
1110,1080.39,1116.0,1132.77,1062.0,22560238,$TSLA,11/24/21-2021
1111,1099.47,1081.92,1108.7827,1081.0,11680890,$TSLA,11/26/21-2021
1112,1100.99,1136.99,1142.67,1100.19,19464467,$TSLA,11/29/21-2021
1113,1144.37,1144.76,1168.0,1118.0,27092038,$TSLA,11/30/21-2021
1114,1160.695,1095.0,1172.8399,1090.76,22934698,$TSLA,12/01/21-2021
1115,1099.06,1084.6,1113.0,1056.65,24371623,$TSLA,12/02/21-2021
1116,1084.79,1014.97,1090.5753,1000.21,30773995,$TSLA,12/03/21-2021
1117,1001.51,1009.01,1021.64,950.5,27221037,$TSLA,12/06/21-2021
1118,1044.2,1051.75,1057.6739,1026.81,18694857,$TSLA,12/07/21-2021
1119,1052.71,1068.96,1072.38,1033.0001,13968790,$TSLA,12/08/21-2021
1120,1060.64,1003.8,1062.49,1002.36,19812832,$TSLA,12/09/21-2021
1121,1008.75,1017.03,1020.9797,982.53,19888122,$TSLA,12/10/21-2021
1122,1001.09,966.41,1005.0,951.42,26198502,$TSLA,12/13/21-2021
1123,945.0,958.51,966.41,930.0,23602090,$TSLA,12/14/21-2021
1124,953.21,975.99,978.7499,928.2501,25056410,$TSLA,12/15/21-2021
1125,994.5,926.92,994.98,921.85,27590483,$TSLA,12/16/21-2021
1126,914.77,932.57,960.6599,909.0401,33626754,$TSLA,12/17/21-2021
1127,910.7,899.94,921.6884,893.39,18826671,$TSLA,12/20/21-2021
1128,916.87,938.53,939.5,886.12,23839305,$TSLA,12/21/21-2021
1129,965.66,1008.87,1015.6599,957.05,31211362,$TSLA,12/22/21-2021
1130,1006.8,1067.0,1072.9767,997.56,30904429,$TSLA,12/23/21-2021
1131,1073.67,1093.94,1117.0,1070.7152,23715273,$TSLA,12/27/21-2021
1132,1109.49,1088.47,1118.9999,1078.42,20107969,$TSLA,12/28/21-2021
1133,1098.64,1086.19,1104.0,1064.14,18718015,$TSLA,12/29/21-2021
1134,1061.33,1070.34,1095.55,1053.15,15680313,$TSLA,12/30/21-2021
1135,1073.4444,1056.78,1081.9999,1054.59,13577875,$TSLA,12/31/21-2021
1136,1147.75,1199.78,1201.07,1136.04,34895349,$TSLA,01/03/22-2022
1137,1189.55,1149.59,1208.0,1123.05,33416086,$TSLA,01/04/22-2022
1138,1146.65,1088.12,1170.34,1081.0101,26706599,$TSLA,01/05/22-2022
1139,1077.0,1064.7,1088.0,1020.5,30112158,$TSLA,01/06/22-2022
1140,1080.37,1026.96,1080.9299,1010.0,28054916,$TSLA,01/07/22-2022
1141,1000.0,1058.12,1059.1,980.0,30604959,$TSLA,01/10/22-2022
1142,1053.67,1064.4,1075.85,1038.82,22021070,$TSLA,01/11/22-2022
1143,1078.85,1106.22,1114.84,1072.5901,27913005,$TSLA,01/12/22-2022
1144,1109.065,1031.56,1115.6,1026.5391,32403264,$TSLA,01/13/22-2022
1145,1019.88,1049.61,1052.0,1013.3788,24308137,$TSLA,01/14/22-2022
1146,1026.605,1030.51,1070.7899,1016.06,22329803,$TSLA,01/18/22-2022
1147,1041.705,995.65,1054.6699,995.0,25147496,$TSLA,01/19/22-2022
1148,1009.73,996.27,1041.66,994.0,23496248,$TSLA,01/20/22-2022
1149,996.34,943.9,1004.55,940.5,34472009,$TSLA,01/21/22-2022
1150,904.76,930.0,933.5131,851.47,50791714,$TSLA,01/24/22-2022
1151,914.2,918.4,951.26,903.21,28865302,$TSLA,01/25/22-2022
1152,952.43,937.41,987.69,906.0,34955761,$TSLA,01/26/22-2022
1153,933.36,829.1,935.39,829.0,49036523,$TSLA,01/27/22-2022
1154,831.56,846.35,857.5,792.01,44929650,$TSLA,01/28/22-2022
1155,872.71,936.72,937.99,862.05,34812032,$TSLA,01/31/22-2022
1156,935.21,931.25,943.7,905.0,24379446,$TSLA,02/01/22-2022
1157,928.18,905.66,931.5,889.41,22264345,$TSLA,02/02/22-2022
1158,882.0,891.14,937.0,880.52,26285186,$TSLA,02/03/22-2022
1159,897.22,923.32,936.5,881.17,24541822,$TSLA,02/04/22-2022
1160,923.79,907.34,947.77,902.7089,20331488,$TSLA,02/07/22-2022
1161,905.53,922.0,926.2899,894.8,16909671,$TSLA,02/08/22-2022
1162,935.0,932.0,946.2699,920.0,17419848,$TSLA,02/09/22-2022
1163,908.37,904.55,943.81,896.7,22042277,$TSLA,02/10/22-2022
1164,909.63,860.0,915.96,850.7,26548623,$TSLA,02/11/22-2022
1165,861.57,875.76,898.8799,853.15,22585472,$TSLA,02/14/22-2022
1166,900.0,922.43,923.0,893.3774,19216514,$TSLA,02/15/22-2022
1167,914.05,923.39,926.4299,901.21,17098132,$TSLA,02/16/22-2022
1168,913.26,876.35,918.4999,874.1,18392806,$TSLA,02/17/22-2022
1169,886.0,856.98,886.87,837.61,22833947,$TSLA,02/18/22-2022
1170,834.13,821.53,856.7338,801.1001,27762734,$TSLA,02/22/22-2022
1171,830.43,764.04,835.2997,760.56,31752336,$TSLA,02/23/22-2022
1172,700.39,800.77,802.48,700.0,45107425,$TSLA,02/24/22-2022
1173,809.23,809.87,819.5,782.4005,25355921,$TSLA,02/25/22-2022
1174,815.01,870.43,876.86,814.7075,33002289,$TSLA,02/28/22-2022
1175,869.68,864.37,889.88,853.78,24922287,$TSLA,03/01/22-2022
1176,872.13,879.89,886.48,844.2721,24881146,$TSLA,03/02/22-2022
1177,878.77,839.29,886.439,832.6001,20541169,$TSLA,03/03/22-2022
1178,849.1,838.29,855.65,825.1609,22393287,$TSLA,03/04/22-2022
1179,856.3,804.58,866.14,804.57,24164724,$TSLA,03/07/22-2022
1180,795.53,824.4,849.99,782.17,26799702,$TSLA,03/08/22-2022
1181,839.48,858.97,860.56,832.01,19727993,$TSLA,03/09/22-2022
1182,851.45,838.3,854.45,810.3601,19549548,$TSLA,03/10/22-2022
1183,840.197,795.35,843.802,793.77,22345722,$TSLA,03/11/22-2022
1184,780.61,766.37,800.7,756.04,23717421,$TSLA,03/14/22-2022
1185,775.27,801.89,805.57,756.57,22280381,$TSLA,03/15/22-2022
1186,809.0,840.23,842.0,802.2601,28009607,$TSLA,03/16/22-2022
1187,830.99,871.6,875.0,825.7178,22194324,$TSLA,03/17/22-2022
1188,874.49,905.39,907.85,867.39,33471397,$TSLA,03/18/22-2022
1189,914.98,921.16,942.85,907.09,27327216,$TSLA,03/21/22-2022
1190,930.0,993.98,997.86,921.75,35289519,$TSLA,03/22/22-2022
1191,979.94,999.11,1040.7,976.4,40225383,$TSLA,03/23/22-2022
1192,1009.73,1013.92,1024.49,988.8,22973626,$TSLA,03/24/22-2022
1193,1008.0,1010.64,1021.7999,997.3201,20677182,$TSLA,03/25/22-2022
1194,1065.1,1091.84,1097.8799,1053.6,34168693,$TSLA,03/28/22-2022
1195,1107.99,1099.57,1114.77,1073.11,24538273,$TSLA,03/29/22-2022
1196,1091.17,1093.99,1113.95,1084.0,19955002,$TSLA,03/30/22-2022
1197,1094.57,1077.6,1103.1399,1076.641,16330919,$TSLA,03/31/22-2022
1198,1081.15,1084.59,1094.75,1066.64,18087741,$TSLA,04/01/22-2022
1199,1089.38,1145.45,1149.91,1072.53,27392567,$TSLA,04/04/22-2022
1200,1136.3,1091.26,1152.87,1087.3,26691673,$TSLA,04/05/22-2022
1201,1073.47,1045.76,1079.0,1027.7,29782845,$TSLA,04/06/22-2022
1202,1052.39,1057.26,1076.59,1021.5401,26482353,$TSLA,04/07/22-2022
1203,1043.21,1025.49,1048.44,1022.435,18337896,$TSLA,04/08/22-2022
1204,980.4,975.93,1008.4681,974.64,19785735,$TSLA,04/11/22-2022
1205,997.64,986.95,1021.1921,976.6001,21992032,$TSLA,04/12/22-2022
1206,981.075,1022.37,1026.24,973.097,18373737,$TSLA,04/13/22-2022
1207,999.29,985.0,1012.7099,982.19,19474135,$TSLA,04/14/22-2022
1208,989.03,1004.29,1014.92,973.41,17238407,$TSLA,04/18/22-2022
1209,1005.06,1028.15,1034.94,995.325,16615944,$TSLA,04/19/22-2022
1210,1030.0,977.2,1034.0,975.2501,23570442,$TSLA,04/20/22-2022
1211,1074.73,1008.78,1092.22,996.415,35138779,$TSLA,04/21/22-2022
1212,1014.91,1005.05,1034.85,994.0001,23232186,$TSLA,04/22/22-2022
1213,978.97,998.02,1008.62,975.3,22780445,$TSLA,04/25/22-2022
1214,995.43,876.42,1000.0,875.0,45377889,$TSLA,04/26/22-2022
1215,898.58,881.51,918.0,877.36,25652132,$TSLA,04/27/22-2022
1216,899.98,877.51,900.0,821.7,41649509,$TSLA,04/28/22-2022
1217,902.25,870.76,934.3999,870.0,29377665,$TSLA,04/29/22-2022
1218,860.77,902.94,906.3599,848.03,25260457,$TSLA,05/02/22-2022
1219,903.18,909.25,924.08,888.59,21236525,$TSLA,05/03/22-2022
1220,903.94,952.62,955.5,885.28,27214568,$TSLA,05/04/22-2022
1221,939.21,873.28,945.6,857.7,30839731,$TSLA,05/05/22-2022
1222,887.0,865.65,888.0,843.105,24301037,$TSLA,05/06/22-2022
1223,836.45,787.11,845.63,781.15,30270074,$TSLA,05/09/22-2022
1224,819.31,800.04,825.36,774.25,28133877,$TSLA,05/10/22-2022
1225,795.0,734.0,809.77,727.2,32408153,$TSLA,05/11/22-2022
1226,701.0,728.0,759.66,680.0,46770954,$TSLA,05/12/22-2022
1227,773.48,769.59,787.3499,751.565,30716908,$TSLA,05/13/22-2022
1228,767.16,724.37,769.76,719.0885,28699513,$TSLA,05/16/22-2022
1229,747.36,761.61,764.48,728.85,26745370,$TSLA,05/17/22-2022
1230,744.52,709.81,760.5,700.81,29270604,$TSLA,05/18/22-2022
1231,707.0,709.42,734.0,694.11,30098891,$TSLA,05/19/22-2022
1232,713.99,663.9,721.582,633.0,48324435,$TSLA,05/20/22-2022
1233,655.02,674.9,679.9551,638.06,29634546,$TSLA,05/23/22-2022
1234,653.53,628.16,653.92,620.57,29697505,$TSLA,05/24/22-2022
1235,623.85,658.8,669.32,623.0101,30713108,$TSLA,05/25/22-2022
1236,661.42,707.73,718.6699,653.66,35334448,$TSLA,05/26/22-2022
1237,723.25,759.63,759.8,720.5311,29764994,$TSLA,05/27/22-2022
1238,773.84,758.26,778.8,734.23,33971457,$TSLA,05/31/22-2022
1239,755.16,740.37,771.98,730.92,25749321,$TSLA,06/01/22-2022
1240,732.47,775.0,792.63,726.2,31157706,$TSLA,06/02/22-2022
1241,729.675,703.55,743.3899,700.2534,37464579,$TSLA,06/03/22-2022
1242,733.06,714.84,734.6,703.05,28068174,$TSLA,06/06/22-2022
1243,702.0,716.66,719.99,690.28,24269534,$TSLA,06/07/22-2022
1244,720.26,725.6,749.89,717.53,25403540,$TSLA,06/08/22-2022
1245,748.02,719.12,766.6399,717.98,32163769,$TSLA,06/09/22-2022
1246,705.47,696.69,718.5,683.74,32696966,$TSLA,06/10/22-2022
1247,669.5,647.21,679.9,644.05,34255754,$TSLA,06/13/22-2022
1248,654.86,662.67,678.99,635.21,32662932,$TSLA,06/14/22-2022
1249,662.75,699.0,706.9899,654.45,39710645,$TSLA,06/15/22-2022
1250,668.21,639.3,675.5,626.08,35796900,$TSLA,06/16/22-2022
1251,640.3,650.28,662.9082,639.59,30880590,$TSLA,06/17/22-2022
1252,673.81,711.11,730.7321,673.0,40930985,$TSLA,06/21/22-2022
1253,703.51,708.26,740.5,701.48,33842420,$TSLA,06/22/22-2022
1254,713.715,705.21,717.95,685.91,34734226,$TSLA,06/23/22-2022
1255,712.405,737.12,738.2,708.26,31923565,$TSLA,06/24/22-2022
1256,748.1,734.76,756.21,727.6966,29726104,$TSLA,06/27/22-2022
1257,733.45,697.99,749.91,697.03,30222167,$TSLA,06/28/22-2022
1258,691.5,685.47,693.52,666.82,27632418,$TSLA,06/29/22-2022
